,english,yoruba
1,Ad hoc learners group,Ojúlówó ẹgbẹ́ akẹ́kọ̀ọ́
2,Language is not supported by Kolibri,Kò sí èdè yìí lorí Kolibri
3,There was a disk access error.,Àṣìṣe ìráàyèsì dísíkì wáyé.
4,"Sorry, your browser version is not supported.","Má bínú, ìlujá ìwádìí tí ò ń lò kò lè ṣiṣẹ́."
5,"To use Kolibri, we recommend using Firefox or Chrome.","Láti lo Kolibri, a dàbá pé kí o lo Firefox tàbí Chrome."
6,You can also try updating your current browser.,O tún lè gbìyànjú láti lo ìlujá ìwádìí tuntun.
7,OpenID Provider Authorization,Gba àṣẹ lọ́wọ́ aṣèdá OpenID
8,Your password has been changed.,Ọ̀rọ̀ aṣínà rẹ ti yí padà.
9,Edit profile,Ṣàtúnṣe Ìrísí òǹṣàmúlò
10,Profile details updated,Ṣàtúntò ẹ̀kúnrẹ́rẹ́ ìrísí òǹṣàmúlò
11,User Profile,Ìrísí aṣàmúlò
12,Limited permissions,Àwọn ìgbàláàyè tí ó mọ ní iba
13,Manage device permissions,Ṣàkóso àwọn ìgbàláàyè ohun èlò
14,It will be visible to administrators. ,Àwọn alákòóso láǹfààní láti lò o. 
15,It will also be used to help improve the software and resources for different learner types and needs.,Yóò sì tún lò o láti fi sàtúnse àwọn iṣẹ́-àìrídìmúù àti ohun àmúlò awon onírúurú akẹ́ẹ̀kọ́ àti òun tí wọ́n fẹ́
16,Providing this information is optional.,Fífi ìwífún yìí sílẹ̀ kò pọn dandan
17,You were automatically signed out due to inactivity,A mú ọ jáde láìròtẹ́lẹ̀ nítorí o kò ṣe iṣẹ́ kankan
18,Allow anyone to create their own learner account?,Fi ààyè gba ẹnikẹ́ni láti ṣẹ̀dá ìṣàmúlò akẹ́kọ̀ọ́ tiwọn?
19,No. Admins must create all accounts,Rárá. Àwọn alákòóso gbọdọ̀ ṣẹ̀dá gbogbo ìṣàmúlò
20,Schools and other formal learning contexts,Àwọn ilé-ẹ̀kọ́ àti ohun tí ó jẹ mọ́ ìkẹ́kọ̀ọ́ mìíràn
21,"Libraries, orphanages, correctional facilities, youth centers, computer labs, and other non-formal learning contexts","Àwọn ilé ìyáwèékàwé, ilé àwọn ọmọ aláìlóbìí, ilé ìyínipadàsírere, ibi ìpéjọ àwọn ọ̀dọ́, yàrá ẹ̀kọ́ ẹ̀rọ-ayárabíàṣá, àti àwọn ohun ìṣètò ìkẹ́kọ̀ọ́ tí kò bá ìlànà iléèwé mu mìíràn"
22,Setting up your facility...,Ṣíṣáàtò ohun èlò rẹ...
23,Enrolled users will be removed from the class but remain accessible from the 'Users' tab.,Àwọn olùṣàmúlò tí ó ti forúkọsílẹ̀ ni a ó yọ kúrò nínú yàrá ìkẹ́kọ̀ọ́ ṣùgbọ́n wọ́n á ṣì ráàyèsí i ní pátákó 'Olùṣàmúlò'.
24,Assign coaches,Yan àwọn akọ́ni
25,Showing coaches that are not assigned to this class,Ń ṣàfihàn àwọn akọ́ni tí a kò yàn sí yàrá ìkẹ́kọ̀ọ́ yìí
26,There was a problem loading your settings,Ìṣoro wáyẹ́ ní àkókò ìkórajọ àwọn ààtò rẹ
27,There was a problem saving your settings,Ìṣoro wáyé ní ìgbà ìṣafipamọ́ àwọn ààtò rẹ
28,Facility settings updated,Àfikún ti bá àwọn ohun èlò
29,Are you sure you want to reset your settings?,Ṣé ó dá ọ lójú pé o fẹ́ ṣe àtúnṣe sí ààtò ìṣiṣẹ́ rẹ?
30,Any custom changes will be lost.,Wà á pàdánù àwọn àyípadà tí o ti ṣe.
31,"When a user views a resource, we record how long they spend and the progress they make. ","Bí aṣàmúlò kan bá wo ohun àmúlò kan, à ń ṣe àkọsílẹ̀ wákàtí tí ó fi lò ó àti ìtẹ̀síwájú bí wọ́n ti ṣe. "
32,Each row in this file records a single visit a user made to a specific resource.,Ọ̀kọ̀ọ̀kan ìlà nínú iṣẹ́ yìí ni ó ń ṣe àkọsílẹ̀ ìlò gbogbo tí òǹṣàmúlò lo ohun àmúlò kan pàtó. 
33,"This includes anonymous usage, when no user is signed in.","Èyí kan gbogbo awon òǹṣàmúlò tí abẹ́rẹ́ wọn kò ní okùn nídìí, tí kò fi orúkọ sílẹ̀ wọlé. "
34,Generate log file,Gba àkọsílẹ̀ iṣẹ́ jáde
35,Generate a new log file,Gba àkọsílẹ̀ iṣẹ́ tuntun
36,Total time/progress for each resource,Àpàpọ̀ àkókò/ìtẹ̀síwájú fún ọ̀kọ̀ọ̀kan àwọn ohun àmúlò
37,"By syncing this facility with the Kolibri Data Portal, you are granting access to your data to organization admins on Kolibri Data Portal. ","Bí o bá ṣe àmúṣiṣẹ́pọ̀ ohun èlò yìí pẹ̀lú Ibi Ìpamọ́ Ìwífún-alálàyé Kolibri, ò ń fún àwọn alábòójútó iléeṣẹ́ tí ó wà lórí Ibi Ìpamọ́ Ìwífún-alálàyé Kolibri láti rí àyè sí ìwífún-alálàyé rẹ. "
38,"It will be uploaded to cloud servers operated by Learning Equality, who will also have access to this data.","Yóò jẹ́ gbígbé sí inú apèsè orí sánmà ti Learning Equality, tí yóò ní àǹfààní láti lo ìwífún-alálàyé yìí."
39,Kolibri Data Portal,Ibi ìpamọ́ ìwífún-alálàyé ti Kolibri
40,Enter a project token from Kolibri Data Portal,Tẹ àmì iṣẹ́ àkànṣe láti orí Ibi Ìpamọ́ Ìwífún-alálàyé Kolibri sílẹ̀
41,This is an experimental feature. ,Eléyìí jẹ́ àbùdá ajẹmọ́dànánwò. 
42,You can use it if you have access to the Kolibri Data Portal.,O lè lò ó bí o bá rí àyè sí Ibi Ìpamọ́ Ìwífún-alálàyé Kolibri.
43,Registered to `Kolibri Data Portal`,Forúkọsílẹ̀ sórí 'Ibi Ìpamọ́ Ìwífún-alálàyé ti Kolibri'
44,About providing an identifier or ID number,Nípa pípésè àmì ìdánimọ̀ tàbí òǹkà ìdánimọ̀
45,Examples: a student ID number or an existing user identification number. ,Àwon àpẹẹrẹ: òǹkà ìdánimọ̀ akẹ́kọ̀ọ́ kan tàbí òǹkà ìdánimọ̀ òǹṣàmúlò tí ó wà tẹ́lẹ̀. 
46,Avoid using highly sensitive personal information because it might put your users at risk.,Yàgò fún lílo àwọn ìwífún ara ẹni tí ó lè kóni síta nítorí ó lè kó àwọn òǹṣàmúlò rẹ sínú ewu.
47,Examples: a student ID number or an existing user identification number.,Àwon àpẹẹrẹ: òǹkà ìdánimọ̀ akẹ́kọ̀ọ́ kan tàbí òǹkà ìdánimọ̀ òǹṣàmúlò tí ó wà tẹ́lẹ̀.
48,This field is required,Àfo yìí pọn dandan láti fi ọ̀rọ̀ sílẹ̀ sí
49,Save changes,Ṣe àpamọ́ àwọn ìyípadà
50,Successfully reconnected!,Ìtúnwọ-orí-ìṣàsopọ̀ láṣeyanjú!
51,"You may not distribute, adapt, or build upon this resource without permission from the copyright owner.","O lè má ṣe àpínká, àtúnṣe sí, tàbí fi ohun àmúlò yìí ṣe ìpìlẹ̀ iṣẹ́ mìíràn láìsí ìgbaniláàyè láti ọ̀dọ̀ ẹni tí ó ni àṣẹ-ẹ̀dà náà."
52,"You may distribute, adapt, and build upon this resource – even commercially – as long as you give credit to the author.","O lè ṣe àpínká, àtúnṣe sí, àti fi ohun àmúlò yìí ṣe ìpìlẹ̀ iṣẹ́ mìíràn – kódà fún ti òwò – níwọ̀n ìgbà tí o bá bu ìyìn fún olùpilẹ̀ṣẹ̀ ohun àmúlò náà"
53,You may adapt and build upon this resource non-commercially. ,"O lè ṣe àtúnṣe sí, àti fi ohun àmúlò yìí ṣe ìpìlẹ̀ iṣẹ́ mìíràn láì lò ó fún ìṣòwò. "
54,Your new resources must credit the author and also be non-commercial.,"Ohun àmúlò rẹ tuntun gbọdọ̀ bu ìyìn fún olùpilẹ̀ṣẹ̀ ohun àmúlò náà, kò sì gbọdọ̀ jẹ́ fún ìṣòwò. "
55,You may download this resource and share it with others as long as you give credit to the author. ,O lè gba ohun àmúlò sílẹ̀ sórí ẹ̀rọ kí o se àpínká rẹ̀ níwọ̀n ìgbà tí o bá ń fi ìyìn fún olùpilẹ̀ṣẹ̀ ohun àmúlò náà. 
56,You may not adapt it in any way or use it commercially.,O kò lè lò ó fi ṣe iṣẹ́ mìíràn tàbí fún òwò ṣíṣe.
57,"You may adapt, and build upon this resource non-commercially, as long as you give credit to the author and license your new resources under identical terms.","O lè ṣe àtúnṣe sí, fi ohun àmúlò yìí ṣe ìpìlẹ̀ iṣẹ́ mìíràn fún ohun tí kì í ṣe ti òwò, níwọ̀n ìgbà tí o bá ń fi ìyìn fún olùpilẹ̀ṣẹ̀ ohun àmúlò náà, kí o sì fi ohun àmúlò rẹ̀ tuntun sábẹ́ àṣẹ irú kan náà. "
58,"You may reuse the resource for any purpose, including commercially. ","O lè tún ohun àmúlò yìí fún ohunkóhun, àti fún ìṣòwò. "
59,"However it cannot be adapted, and credit must be provided to the author.","Síbẹ̀ kò ṣe fi ṣe iṣẹ́ mìíràn, o sì ní láti fi ìyìn fún olùpilẹ̀ṣẹ̀ náà."
60,You may adapt and build upon this resource – even commercially – as long as you credit the author and license your new resources under identical terms. ,"O lè ṣe àtúnṣe sí, àti fi ohun àmúlò yìí ṣe ìpìlẹ̀ iṣẹ́ mìíràn – kódà fún ti òwò – níwọ̀n ìgbà tí o bá bu ìyìn fún olùpilẹ̀ṣẹ̀ ohun àmúlò náà kí o sì fi ohun àmúlò rẹ tuntun sí abẹ́ ìlànà tí ó bára mu. "
61,All new resources based on yours must also carry the same license.,Gbogbo ohun àmúlò tí ó bá ti ara tìrẹ jáde gbọdọ̀ wà lábẹ́ àṣẹ kan náà.
62,This resource is free of known restrictions under copyright law. ,Ohun àmúlò yìí kò pa ààlà fún ìlò rẹ̀ lábẹ́ òfin àṣẹ-ẹ̀dà. 
63,"You may distribute, adapt, and build upon this resource, even commercially.","O lè ṣe àpínká, àtúnṣe sí àti fi ohun àmúlò yìí ṣe ìpìlẹ̀ iṣẹ́ mìíràn, pàápàá fún ti òwò"
64,This resource has a special license. ,Ohun àmúlò yìí ní àkàndá   àṣẹ. 
65,Contact the owner of this license for a description of what you are allowed to do with it.,Kàn sí ẹni tí ó ni àṣẹ-ẹ̀dà fún àpèjúwe ohun tí o lè fi ṣe.
66,"You reserve all the rights provided by copyright law, and others may not legally distribute, adapt, or build upon this resource without your permission.","O ní ètò àti àṣẹ gbogbo lábẹ́ òfin àṣẹ-ẹ̀dà, àwọn ẹlòmíràn kò lè ṣe àpínká, àtúnṣe sí tàbí fi ohun àmúlò yìí ṣe ìpìlẹ̀ iṣẹ́ mìíràn láì tọrọ àyè lọ́wọ́ rẹ. "
67,"This license lets others distribute, adapt, and build upon your resource – even commercially – as long as they credit you for the original creation. ","Àṣẹ yìí gba ẹnìkẹnì láàyè láti lè ṣe àpínká, àtúnṣe sí, àti fi ohun àmúlò yìí ṣe ìpìlẹ̀ iṣẹ́ mìíràn – pàápàá fún òwò - níwọ̀n ìgbà tí wọ́n bá ń fì ìyìn fún ọ gẹ́gẹ́ bí olùpilẹ̀ṣẹ̀. "
68,This is the most accommodating of the Creative Commons licenses. ,Èyí ni àṣẹ tí ó fi àyè gbani púpọ̀ jùlọ nínú àwọn àṣẹ Creative Commons.
69,Recommended for maximum dissemination and use of licensed materials.,Ó dára fún ìtànká bí a ti ṣe fẹ́ áti lílò àwọn ohun tí ó wà lábẹ́ àṣẹ.
70,This license lets others adapt and build upon your resource non-commercially. ,"Àṣẹ yìí gba ẹnìkẹnì láàyè láti lè ṣe àpínká, àtúnṣe sí, àti fi ohun àmúlò yìí ṣe ìpìlẹ̀ iṣẹ́ mìíràn – láì lò ó fún òwò.  "
71,"Although their new derivative resources must credit you and be non-commercial, they don’t have to be licensed under the same terms.","Bí-ó-ti-lẹ̀-jẹ́-wí-pé àwọn ohun àmúlò tuntun tí a ṣe láti ara rẹ̀ gbọdọ̀ bu ìyìn fún ọ, kò sì gbọdọ̀ jẹ́ lílò fún ìṣòwò, kò pọn dandan kí a fi wọ́n sí abẹ́ àṣẹ ìlò kan náà."
72,This license is the most restrictive of the six main Creative Commons licenses. ,Aṣẹ yìí jẹ́ eyìí tí o ni ìkálọ́wọ́kò julọ ninún awọ́n àṣẹ Creative Commons mẹ́fẹ̀ẹ̀fà. 
73,It only allows others to download your resources and share them with others as long as they credit you,"O gbani láàyè fún wiwà jade iṣẹ́ yin áti àfirán rẹ̀ nìkan, níwọ̀n ìgbà tí a ba n fì ìyìn fún yin"
74,But they can’t change them in any way or use them commercially.,Ṣùgbọ́n ẹnìkẹnì kì yo ṣàyípadà rẹ̀ rárá tàbí lò ó fún ìpolówó ọjà kankan.
75,"This license lets others adapt and build upon your resource non-commercially, as long as they credit you and license their new resources under the identical terms.","Ètò àṣẹ yìí yóò fún àwọn ẹlòmíràn láàyè làti lo, tàbí ṣe àfikún sí iṣẹ rẹ láì sọ di títà níwòn ìgbà tí wọn bá sáà ti ń jẹki awọn ènìyàn mọ̀ wípé iṣẹ rẹ ni ti wọn si ń ṣe ètò àṣẹ fún iṣẹ wọn títun labẹ awọn ọrọ orukọ tó jọra wọn."
76,"This license lets others reuse the resource for any purpose, including commercially. ","Aṣẹ yìí gba ẹnìkẹnì láàyè láti lè lò iṣẹ́ yìí fún ète èyíkéyìí, pàápàá fun ìpolówó ọjà. "
77,"However it cannot be shared with others in adapted form, and credit must be provided to you.",Ṣùgbọ́n ẹnìkẹnì kì yo se àfirán ayípadà rẹ̀. A si ní láti fì ìyìn fún yin.
78,This resource is free of known restrictions under copyright law.,Ohun àmúlò yìí kò ní ìkánilọ́wọ́kò lábẹ́ òfin àṣẹ-ẹ̀dà.
79,This is a custom license to use when the other options do not apply.,Èyí jẹ́ àkànṣe ètò àṣẹ tí ó ṣe é lò nígbà tí gbogbo àwọn ẹ̀yàn tí ó kù kò ba wúlò. 
80,You are responsible for creating a description of what this license entails and communicating it with users.,Ojúṣe rẹ ni láti ṣe àpèjúwe ohun tí ń bẹ nínú ètò àṣẹ yìí kí o sì gbé sí etígbọ̀ọ́ awọ̀n òǹṣàmúlò.
81,"Creative Commons: attribution, non-commercial","Creative Commons: ìgbòṣùbà, kìí ṣe ti ìṣòwò"
82,"Creative Commons: attribution, non-commercial, no derivatives","Creative Commons: ìgbòṣùbà, kìí ṣe ti ìṣòwò, kò sí àwòṣe "
83,"Creative Commons: attribution, non-commercial, share-alike","Creative Commons: ìgbòṣùbà, kìí ṣe ti ìṣòwò, pínnílànàkannáà"
84,"Creative Commons: attribution, no derivatives","Creative Commons: ìgbòṣùbà, kò sí àwòṣe "
85,"The Kolibri software is built by Foundation for Learning Equality, Inc. More information, including Kolibri’s Terms of Service and Privacy Policy, can be found at:","A ṣe àgbékalẹ̀ iṣẹ́ àìrídìmú Kolibri fún Learning Equality, Inc. Àlàyé síwájú síi, pẹ̀lú àwọn Ìlànà isẹ́ ti Kolibri àti èto Ibi-ìkọ̀kọ̀, ni o lè rí ní:"
86,Kolibri is a software application that can be installed on a wide variety of devices without needing a connection to the internet.,Kolibri jẹ́ iṣẹ́ àìrídìmú tí a lè ṣàgbékalẹ̀ rẹ̀ si orí ọ̀pọ̀ ohun èlò ẹ̀rọ-ayárabíàṣá láì nílò ìṣàsopọ̀ ẹ̀rọ-ayélujára.
87,"Unlike many online web services that are similarly accessed through a web browser, there are thousands of independent Kolibri installations around the world – including this one. ","Kò dàbí púpọ̀ nínú àwọn apèsè ìtakùn-àgbáyé tí ènìyàn lè rí lò nípasẹ̀ aṣàwáríkiri orí ìtakùn-àgbáyé, ẹgbẹẹgbẹ̀rún ìfisípò láì ní alákòóso ti Kolibri ni ó wà káàkiri ayé – pẹ̀lú eléyìí. "
88,Each Kolibri installation is managed and controlled by the owner of the device that it is installed on.,Ọ̀kọ̀ọ̀kan ìfisípò Kolibri ni ó wà ní ìṣàkóso àti ìdarí ẹni tí ó ni ohun ẹ̀rọ tí a ṣe àgbékalẹ̀ rẹ̀ lé
89,"In order to improve the quality of Kolibri and the resources on it, Learning Equality collects anonymized usage information when Kolibri has access to the internet. ","Ní ojúnà àti mú agbára Kolibri àti àwọn ohun àmúlò orí rẹ̀ dára sí i, Learning Equality ṣe agbajo ìwífún ìlò àwọn òǹṣàmúlò aláìlórúkọ nígbà tí Kolibri bá rí àyè sí ẹ̀rọ-ayélujára. "
90,"This includes IP addresses associated with the server, and device details such as the operating system and time zone. ","Èyí pẹ̀lú àwọn ojúlé IP tí ó tan mọ́ apèsè náà, àti rírò kínikíni nípa ohun ẹ̀rọ-ayárabíàṣá gẹ́gẹ́ bí ẹ̀rọ ìṣiṣẹ́ àti aago agbègbè. "
91,"We also collect aggregate statistics including: number of users and facilities, birth year and gender distribution, and resource popularity. ","Bákan náà ni a máa ń ṣe ìkójọ ìfìṣiròsàsọtẹ́lẹ̀: iye àwọn òǹṣàmúlò àti àwọn ohun èlò, ọdún ìbí àti ìmọ̀ akọtàbábo, àti òkìkí ohun àmúlò. "
92,We make every effort to avoid collecting personally identifying information about Kolibri users.,A ń ṣe ohun gbogbo láti bìlà-fún ìgbàjọ ìwífún tí yóò tú àwọn òǹṣàmúlò Kolibri síta
93,You should run Kolibri as a service in compliance with all applicable laws. ,Ó yẹ kí o lo Kolibri gẹ́gẹ́ bi i ìpèsè ní ìbámu pẹ̀lú àwọn òfin tí a là sílẹ̀. 
94,"If you are the owner of the device that Kolibri is installed on, please be aware that you are ultimately responsible for the safety and protection of the user data that gets stored in Kolibri.","Bí ó bá jẹ́ pé ìwọ ni o ni ohun-èlò tí a ṣàgbékalẹ̀ Kolibri lé lórí, jọ̀wọ́ kíyèsí pé ojúṣe rẹ ni ìpamọ́ àti ààbò ìwífún-alálàyé aṣàmúlò tí ó ń jẹ́ fífipamọ́ sínú Kolibri."
95,You should also follow best information security practices for protecting your users’ data. ,Ó sì yẹ kí o tẹ̀lé àwọn ìgbésẹ̀ ààbò ìwífún tí ó dára jùlọ fún ìdáàbòbo àwọn ìwífún-alálàyé àwọn aṣàmúlò rẹ. 
96,"This includes keeping the device physically secure, encrypting the hard drive, using strong and unique passwords, keeping the operating system up-to-date, and having a properly-configured firewall.","Èyí ní í ṣe pẹ̀lú fífi ohun èlò náà pamọ́ nípa ti ara, yíyí-ìwífún-alálàyé-padà-sí-odù-ààbò àká-iṣẹ́-orí-ẹ̀rọ, lílo àwọn ọ̀rọ̀-ìfiwọlé tí ó múná dóko tí ó sì yàtọ̀ gedegbe, mímú ki ètò ìṣiṣẹ́-ẹ̀rọ ó bágbàmu, àti ṣíṣàtòpọ̀ ètò ààbò ògiriná ní ọ̀nà tí ó dáa."
97,"If you choose to sync your facility data to the Kolibri Data Portal, you would be granting Kolibri Data Portal organization administrators access to your data.","Bí o bá yàn láti mú ohun èlò ìwífún-alálàyé rẹ ṣiṣẹ́ pọ̀ mọ́ Ẹnu-àbáwọlé sí Ìwífún-alálàyé ti Kolibri, o ń fún àwọn alábòójútó ìṣètò ìkójọ Ẹnu-àbáwọlé sí Ìwífún-alálàyé Kolibri ní àyè sí ìwífún-alálàyé rẹ. "
98,"You would also be granting access to Learning Equality, who operates the servers.","Bẹ́ẹ̀ gẹ́gẹ́ ni o yóò máa ṣílẹ̀kùn ìráàyè sí Learning Equality, tí ó ń mú àwọn apèsè ṣiṣẹ́ sílẹ̀."
99,"Share your password, let anyone access your account, or do anything that might put your account at risk","Pín ọ̀rọ̀-ìfiwọlé rẹ, jẹ́ kí ẹnikẹ́ni ó ráyè wọ ìṣàmúlò rẹ, tàbí ṣe ohunkóhun tí ó lè fi ìṣàmúlò rẹ sínú ewu. "
100,"Remove, circumvent, disable, damage or otherwise interfere with security-related features of Kolibri","Ṣèmúkúrò, ṣèfòdá, sọdàìlágbára, sọsípò àdánù, tàbí bí bẹ́ẹ̀kọ́ ti ọwọ́ bọ àwọn àbùdá ètò ààbò Kolibri ní ojú"
101,"Intentionally interfere with or damage the operation of Kolibri or any user’s enjoyment of it, by any means","Mọ̀ọ́mọ̀ sọsípò àdánù tàbí tọwọ́bọ ìmúṣiṣẹ́ Kolibri lójú tàbí ìgbádùn tí òǹṣàmúlòkóǹṣàmúlò rẹ̀ ń jẹ, ní ọ̀nà kọnà. "
102,"Be aware that your personal information may be visible to others, depending on how the software has been configured and how you access the software.","Kíyèsára wí pé àwọn ìwífún àjẹmọtaraẹni rẹ lè di rírí fún àwọn ẹlòmíràn, èyí gbáralé ọ̀nà tí a gbà ṣàtòpọ̀ iṣẹ́-àìrídìmú àti bí o ti rí àyè bá wọlé sí iṣẹ́-àìrídìmú náà. "
103,"Please contact your local Kolibri administrator to understand what personal information of yours might be stored, who it’s visible to, how to update or delete it, or if you believe your account has been compromised.","Jọ̀wọ́ kàn sí alábòójútó agbègbè Kolibri rẹ láti ní òye ìwífún àjẹmọtaraẹni tìrẹ tí ó lè di fífipamọ́, ẹni tí ó lè rí i, bí o ṣe lè ṣe ìmúbágbàmu tàbí pa á rẹ́, tàbí bí o bá nígbàgbọ́ wí pé ìṣàmúlò rẹ ti bọ̀ sí ọwọ́ òṣèré-ibi"
104,"When you use Kolibri as a logged-in user, information such as your name, username, age, birth year, identification number, the resources that you view, and your performance on assessments may be made available to administrators and coaches in your facility. ","Nígbàtí o bá ń lo Kolibri gẹ́gẹ́ bí òǹṣàmúlò tí ó forúkọsílẹ̀-wọlé, ìwífún gẹ́gẹ́ bí orúkọ, orúkọ-òǹṣàmúlò, ọjọ́-orí, ọdún ìbí, òǹkà ìdánimọ̀, logged-in user, àwọn ohùn àmúlò ìgbẹ́kẹ̀lé tí o wò rí, àti ìṣe àgbéyẹ̀wò rẹ lè wà ní àrọ́wọ́tó fún ìlò àwọn alábòójútó àti akọ́ni ní orí ohun-èlò rẹ. "
105,Your information may also be used by the developers of Kolibri and shared with content creators to help improve the software and resources for different learner types and needs.,Ẹ̀wẹ̀wẹ̀ ìwífún rẹ lè jẹ́ lílò fún àwọn akèdè-iṣẹ́-àìrídìmú ti Kolibri tí yóò sì jẹ́ pínpín fún àwọn aṣèdá ọgbọ́n àtinudá láti mú kí iṣẹ́-àìrídìmú àti àwọn ohun àmúlò fún onírúurú ohun tí irúfẹ́ àwọn akẹ́kọ̀ọ́ fẹ́ ó gbé pẹ́lí sí i
106,"When you use Kolibri as a guest, aggregate information about the resources you and other guest users view may be available to administrators and certain coaches.","Nígbàtí o bá ń lo Kolibri gẹ́gẹ́ bí àlejò, ìkópọpọ̀ ìwífún nípa àwọn ohun àmúlò ìgbẹ́kẹ̀lé tí ìwọ àti àwọn òǹṣàmúlò mìíràn wò lè wà ní àrọ́wọ́tó fún àwọn alábòójútó àti àwọn akọ́ni mélòó kan.  "
107,Signing in to third-party applications using Kolibri,Fíforúkọsílẹ̀ wọlé sí orí àwọn iṣẹ́ àìrídìmú ẹni-kẹta mìíràn láti inú Kolibri
108,Close navigation,Pa ìdaríkiri dé
109,Main user navigation,Ìdaríkiri aṣàmúlò gan-an
110,Copied to clipboard,Ẹ̀dà ti wà lórí apákó-ìdìmú
111,Copy to clipboard,Fi ẹ̀dà sí orí apákó-ìdìmú
112,Please contact the device administrator for this server,Jọ̀wọ́ kàn sí alábòójútó apèsè yìí
113,This online version of Kolibri is intended for demonstration purposes only. Users and data will be periodically deleted. ,Ẹ̀yà orí ayélujára Kolibri yìí wà fún ti ìfihàn lásán. Àwọn aṣàmúlò àti ìwífún-alálàyé yóò jẹ́ píparẹ́ nídàágbá kọ̀ọ̀kan. 
114,"The demo shows features of the latest Kolibri version, and all resources found are samples.","Ìfihàn náà fi àwọn àbùdá ẹ̀yà Kolibri tuntun hàn, tí gbogbo àwọn ohun àmúlò orí rẹ̀ sì jẹ́ àpèjúwe."
115,Click to add vertices,Ṣíra tẹ àtẹ̀ìpàṣẹ láti fi àwọn igun kún un
116,Custom exponent,Àkànṣe nọ́ḿbà àgbésókè
117,Left parenthesis,Àmì iga òsì
118,Make circle open,Mú kí òbìrìkìtì ṣísílẹ̀
119,Make sure you fill in all cells in the matrix.,Ríi dájú pé o fi ohun tó yẹ sínú gbogbo àfo àpótí ìró tòun ibú náà
120,Make sure you select something for every row.,Ríi dájú pé o yan ohun kan fún ìlà tó dábùú gbogbo.
121,Math input box,Àpotí ìfisí ìṣirò
122,Navigate right into the numerator of a fraction,Daríkiri sí ọ̀tún sínu òǹkà òkè ti ìdá
123,Navigate right out of a set of parentheses,Daríkiri sí ọ̀tún síta àwọn iga kan
124,Navigate right out of an exponent,Daríkiri sí ọ̀tún síta ti òǹkà àgbésókè
125,Navigate right out of the denominator of a fraction,Daríkiri sí ọ̀tún síta òǹkà ìsàlẹ̀ ti ìdá
126,Navigate right out of the numerator and into the denominator,Daríkiri sí ọ̀tún síta òǹkà òkè àti sínú òǹkà ìsàlẹ̀ náà
127,Remove highlight,Yọ pàkíyèsí kúrò
128,Right parenthesis,Àmì iga ọ̀tún
129,Use the interactive graph to define a correct transformation.,Lo àtẹìjúwe àjúmọ̀ṣe náà láti túmọ̀ ìparadà tí ó tọ́
130,We could not understand your answer. ,Ìdáhùn rẹ kò yé wa. 
131,Please check your answer for extra text or symbols.,Jọ̀wọ́ yẹ ìdáhùn rẹ wò fún àlékún ọ̀rọ̀ tàbí àwọn àmì.
132,You must turn on all of the lights to continue.,O gbọ́dọ̀ tan gbogbo àwọn iná náà láti tẹ̀síwájú.
133,"Your answer is almost correct, but it is missing a <code>\\%</code> at the end.","Ìdáhùn rẹ ti fẹ́rẹ̀ẹ́ tọ́, ṣùgbọ́n ó ku <code>\\%</code> kan ní ìparí."
134,"Your answer is almost correct, but it needs to be simplified.","Ìdáhùn rẹ kù dẹ̀dẹ̀ kí ó tọ́, ṣùgbọ́n ó gbọ́dọ̀ rọrùn."
135,Transcript off,Àdàkọ ní pípa
136,Beginning of transcript,Ìbẹ̀rẹ̀ àdàkọ
137,End of transcript,Òpin àdàkọ
138,Transcript cue caption text,Àkọ́lé àdàkọ ìṣínilétí
139,Transcript cue start time,Ìgbà tí àdàkọ ìṣínilétí yóò bẹ̀rẹ̀
140,Lessons assigned,Àwọn ẹ̀kọ́ àtiṣe
141,View by groups,Ìwò lẹ́gbẹ́lẹ́gbẹ́
142,Select topics or exercises,Yan àkórí tàbí iṣẹ́ ìdánrawò
143,Create new quiz,Ṣẹ̀dá Ìdánwò kékeré tuntun
144,Exit search,Pa àwárí dé
145,New quiz created,Ti ṣẹ̀dá àwọn ìdánwò kékeré titun
146,Changes to quiz saved,Àwọn àyípadà sí ìdánwò kékeré ti wà ní ìpamọ́
147,There was a problem saving your changes,Ìṣoro wáyé nígbà ìṣàfipámọ́ àwọn ìyípadà rẹ
148,Manage lesson resources,Ṣàkóso àwọn ohun èlò ẹ̀kọ́
149,There was a problem updating this lesson,Ìṣòro wáyé nígbà ìṣàfikún ẹ̀kọ́ yìí
150,New lesson created,Ti ṣẹ̀dá ẹ̀kọ́ titun
151,Visible to learners,Jẹ́ rírí fún àwọn akẹ́kọ̀ọ́ lò
152,You do not have any lessons,O kò ní ẹ̀kọ́ kankan
153,There was a problem saving this lesson,Ìṣoro wà ní ìṣàfipamọ́ ẹ̀kọ́ yìí
154,Coach resources:,Ohun àmúlò ìdánilẹ́kọ̀ọ́ akọ́ni:
155,Assign quiz to,Yan ìdánwò kékeré yìí fún
156,Copy quiz to,Ṣe àdàkọ àwọn ìdánwò kékeré sí
157,New lesson order saved,Ìtòlẹ́sẹẹsẹ ẹ̀kọ́ titun ti wà ní ìpamọ́
158,Kolibri Studio channels,Awọn Ìkànnì Ilé-ìṣiṣẹ́ Kolibri
159,Unlisted channel,Ìkànnì tí kò sí lákàálẹ̀
160,Enter channel token,Ṣàtẹ̀wọ̀lé àmì ìkànnì
161,Check whether you entered token correctly,Ṣàyẹ̀wò bóyá o ṣàtẹ̀wọlé àmì bí ó ṣe tọ́
162,Unable to connect to token,Kò lè ṣèsopọ̀ mọ́ àmì
163,Channel tokens unlock unlisted channels from Kolibri Studio,Àwọn àmì ìkànnì ti ṣí àwọn àmì ìkànnì tí a kò kà sílẹ̀ láti Ilé-ìṣiṣẹ́ Kolibri
164,Some channels you selected for import will be automatically updated to the latest version.,Àwọn ìkànnì tí o yàn fún ìṣàgbéwọlé yóò ṣàfikún sí ẹ̀yà tí ó titun jù fúnra rẹ̀. 
165,Do you wish to continue?,Ǹjẹ́ o fẹ́ tẹ̀síwájú bí?
166,This channel was not found on any attached drives,Ìkànnì yìí kò sí lórí àká-iṣẹ́-orí-ẹ̀rọ àfimọ́ kankan
167,This channel was not found on other instances of Kolibri,Ìkànnì yìí ò sí lórí Kolibri
168,This channel was not found on Kolibri Studio,Ìkànnì yìí ò sí lórí Ilé-ìṣiṣẹ́ Kolibri
169,This topic has no sub-topics or resources,Àkórí yìí kò ní ìpín-àkórí tàbí ohun àmúlò mìíràn lábẹ́ rẹ̀
170,Channel is not available to export from server,Ìkànnì kò sí lárọ̀ọ́wọ́tó fún ṣíṣàgbéjáde láti orí apèsè
171,There was a problem accessing the drives connected to the server,Ìṣoro àìráyè láti dé orí àwọn àká-iṣẹ́ tí a sopọ̀ mọ́ apèsè wáyé
172,Drive not found or is disconnected,Àká-iṣẹ́ kò jẹ́ rírí tàbí ó wà ní ipò àìlágbáraiṣẹ́.
173,Kolibri Studio is unavailable,Ilé-ìṣiṣẹ́ Kolibri kò sí ní àrọ́wọ́tó
174,The device with this ID does not have the desired channel,Ẹ̀rọ iṣẹ́ tí o ni ìdánimọ̀ yìí kò ní ìkànnì tí ó yẹ
175,The Kolibri server on the selected device is not available at the moment,Apèsè Kolibri ti orí ẹ̀rọ tí o yàn kò sí ní àrọ́wọ́tó ní àkókò yìí
176,A transfer is currently in progress,Ìgbélọsíbòmìíràn ń lọ lọ́wọ́
177,This information may be helpful for troubleshooting or error reporting,Ìwífún yìí lè wúlò láti ṣe-ìyanjú-ìṣòro tí ó wáyé tàbí ìfisùn àṣìṣẹ́.
178,Free disk space,Fọ àká mọ́ láti pèsè àyè
179,Learn page,Ojú ìwé ìkẹ́kọ̀ọ́
180,Learners should only see resources assigned to them in classes,Àwọn ohun àmúlò tí a yàn fún akẹ́kọ̀ọ́ ní yàrá ìkẹ́kọ̀ọ́ nìkan ni wọ́n gbọdọ̀ rí.
181,Allow other computers on this network to import my unlisted channels,Fi àyè gba àwọn ẹ̀rọ-ayárabíàṣá mìíràn lórí ìṣàsopọ̀ yìí láti ṣàgbéwọlé àwọn ìkànnì mi tí kò sí lákàálẹ̀.
182,Drives found,Rí àwọn àká-iṣẹ́-orí-ẹ̀rọ
183,No drives with the selected channel are connected to the server,Kòsí àwọn àká-iṣẹ́ pẹ̀lú ìkànnì ti a sopọ̀ mọ́ apèsè.
184,No drives with Kolibri resources are connected to the server,Kò sí àwọn ohun àmúlò Kolibri tí ó sopọ̀ mọ́ apèsè
185,Search for a channel,Ṣàwarí ìkànnì
186,View task manager,Wo alákòóso iṣẹ́
187,Make changes to what users can manage on your device,Ṣe àwọn àyípadà sí ohun tí àwọn olùṣàmúlò lè ṣàkóso lóri ẹ̀rọ rẹ
188,Manage Device Permissions,Ṣàkóso Ìyọ̀ọ̀da Ẹ̀rọ
189,New resources available,Àwọn ohun àmúlò tuntun wà
190,There was a problem getting the contents of this channel,Ìṣòro kan wáyé tí kò jẹ́ kí ìgbélọsíbòmìíràn àwọn àṣàyàn àkóónú náà ó bọ́ si
191,Finding local drives…,Wíwá àwọn àká-iṣẹ́-orí-ẹ̀rọ agbègbè…
192,There was a problem finding local drives.,Ìṣoro wáyé ní wíwá àwọn àká-iṣẹ́ agbègbè.
193,Loading connections…,Ìṣàsopọ̀ ń kóra jọ…
194,Attached drive or memory card,Àká-iṣẹ́ tàbí ike-pélébé ìpamọ́ ìfimọ́
195,Kolibri Studio (online),Ilé-ìṣiṣẹ́ Kolibri (lórí ẹ̀rọ-ayélujára)
196,"Import resources from another instance of Kolibri running on another device, either in the same local network or on the internet","Ṣàkówọlé àwọn ohun àmúlò Kolibri tí ó wà lórí ẹ̀rọ mìíràn, ó lè jẹ́ nínú ìṣàsọpọ̀ agbègbè kan náà tàbí ní orí ẹ̀rọ-ayélujára "
197,Transfer failed. Please try again.,Ìgbélọsíbòmìíràn kùnà. Jọ̀wọ́ tún gbìyànjú lẹ́ẹ̀kansi.
198,Invalid user ID,Ìdánimọ̀ òǹṣàmúlò tíkò tọ̀nà
199,Has all device permissions and can manage device permissions of other users,Ó ní gbogbo àṣẹ lórí ohun-èlò ó sì lè ṣe àbójútó àṣẹ lórí ohun-èlò àwọn ẹlòmíì
200,Has admin permissions for all facilities on this device,Ó ní gbogbo ìgbàláyè gbogbo ohun ẹ̀rọ tí ó sì lè ṣàkóso ìgbàláàyè àwọn aṣàmúlò mìíràn
201,The first thing you should do is import some resources from the Channel tab.,Ohun àkọ́kọ́ tí ó yẹ kí o ṣe ni pé kí o ṣàgbéwọlé àwọn ohun àmúlò láti orí pátákó Ìkànnì.
202,The super admin account you created during setup has special permissions to do this. ,Ìṣàmúlò alábòójútó àràmàndà tí o ṣí nígbà tí o ń ṣẹ̀tọ́ ní àwọn àkàndá ìgbàláàyè yìí. 
203,Learn more in the Permissions tab later.,Kọ́ síwájú sí i nínú pátákó Ìgbàláàyè bí ó bá yá.
204,Invalid header label found in the first row,Àìtọ̀ ìsààmì ọ̀rọ̀-aṣorí wà nínú ìlà àkọ́kọ́
205,No default facility exists. Make sure to provision this device before importing,Kò sí ohun èlò àbáwá kankan. Rí i dájú wí pé ó ṣe ìpèsè sílẹ̀ ẹ̀rọ yìí kí ìkọ́wọlé ó tó jẹ́ ṣíṣe.
206,The password field is required. ,O ní láti dí àfo ọ̀rọ̀-aṣínà. 
207,"To leave the password unchanged in existing users, insert an asterisk (*)","Láti fi ọ̀rọ̀-ìfiwọlé sílẹ̀ láìyípadà ní àwọn olùṣàmúlò tí ó wà tẹ́lẹ̀, fi àmì ìràwọ̀ (*) sílẹ̀"
208,Database ID is not valid,Ibùgbéìwífúnalálàyé ìdánimọ̀ ID kò kòjú òṣùwọ̀n
209,The requested channel does not exist on the content server,Ìkànnì náà tí o bèèrè kò sí lóri àkóónú apèsè
210,No appropriate redirect pages found. ,Kò sí àwọn ojú ewé tí a tún darí. 
211,It is likely that Kolibri is badly configured,Ó ṣe é ṣe kí ó jẹ́ pé Kolibri kò ṣiṣẹ́ bó ṣe yẹ
212,OpenID Provider Authorization,Ìfúnláṣẹ Olùpèsè Ìdánimọ̀Ìṣísílẹ̀
213,Open site navigation,Ṣí ìlọkiri ibùdó
214,Back to home,Padà sí ilé
215,Sorry! Something went wrong!,Má binú! Ohun kan ò tọ́!
216,Resource not found,Ohun àmúlò kò jẹ́ àwárí
217,"Any identifying string, such as a student ID or email address. ","Èyíkéyìí okùn tí ó ń ṣèdámọ̀, gẹ́gẹ́ bí i ti ìdánimọ̀ akẹ́kọ̀ọ́ tàbí ojúlé àpò-ìwé orí ayélujára. "
218,Maximum 64 characters,Ọmọ-ọ̀rọ̀ 64 ni ó pọ̀ jù.
219,"A CSV spreadsheet should use the first row as a header, and contain the following columns:","Àtẹ́-iṣẹ́ CSV gbọdọ̀ ṣe àmúlò ìlà àkọ́kọ́ gẹ́gẹ́ bí aṣorí, tí ó sì ní àwọn ọwọ̀n wọ̀nyí:"
220,Maximum 125 characters. ,Ọmọ-ọ̀rọ̀ 125 ni èyítí ó pọ̀ jù. 
221,"Can contain letters, numbers and underscores","Lè ní àwọn ọ̀rọ̀-kíkọ, òǹkaye àti ìlà abẹ́ nínú"
222,An ID used by Kolibri to uniquely identify a user. ,Ìdánimọ̀ ID kan tí Kolibri ń lò láti ṣe ìdámọ́ yàtọ̀ olùṣàmúlò. 
223,Leave it blank to create a new user,Fi sílẹ̀ ní òfìfo láti ṣẹ̀dá òǹṣàmúlò tuntun
224,Edit user info using an external spreadsheet program,Ṣàtúnṣe ìwífún àwọn olùṣàmúlò nípa lílo àtẹ-iṣẹ́ ti-òde
225,"Export a CSV file which contains all users, and the classes that they are associated with","Kó fáìlì CSV tí ó ní olùṣàmúlò gbogbo nínú bọ́ sọ́de, àti àwọn ọ̀wọ́ tí ó bá-kẹ́gbẹ́"
226,Import a CSV file to create and update users,Kó fáìlì CSV kan wọlé láti ṣẹ̀dá àti ṣàfikún àwọn olùṣàmúlò
227,You can manage users and classes in bulk:,O lè ṣàkóso àwọn òǹṣàmúlò àti ọ̀wọ́ ẹ̀kọ́ ní ọ̀pọ̀:
228,Import and export users,Ṣe àkówọlé àti àgbébọ́sóde àwọn olùṣàmúlò
229,View spreadsheet format reference,Wo ìtọ́kasí ìlànà-títò àtẹ̀-iṣẹ́
230,Before committing the import you will be shown a summary of changes that will be made.,Kí o tó ṣe àkówọlé wà á rí àwọn àtúnṣe tí yóò jẹ́ ṣíṣe ní ṣókí.
231,Generating log file...,Pípilẹ̀ṣẹ̀ àkápọ̀-iṣẹ́ àkọsílẹ̀...
232,Download CSV (comma-separated value) files containing information about users and their interactions with the resources on this device,Ṣègbàsílẹ̀ àwọn àkápọ̀-iṣẹ́ CSV (èyí tí a fi ààmì ìdanudúró pín níyà) tí o ní ìwifún nípa àwọn òǹṣàmúlò àti ìbáṣepọ̀ wọn pẹ̀lú àwọn ohun àmúlò lórí ohun ẹ̀rọ yìí.
233,Go to Device permissions to change this,"Láti ṣe àyípadà yìí, yẹ àṣẹ ìyọ̀ǹda orí ohun-èlò rẹ wò"
234,Edit user details,Ṣe àtúnṣe sí àwọn àlàyé nípa òǹṣàmúlò
235,Submit search query,Fi ìbéèrè ohun tí o fẹ́ ṣàwárí ṣọwọ́.
236,Enter search query,Kọ ìbéèrè ohun tí o fẹ́ ṣàwárí
237,"When importing from a spreadsheet you can create, update, and optionally delete dozens or hundreds of facility users at a time by loading new information from comma-separated-value (CSV) files.","Nígbà tí o bá ń ṣe ìkówọlé láti inú àtẹ-iṣẹ́ o lè ṣẹ̀dá, ṣàfikún, àti ṣàṣàyàn pípa ọ̀pọ̀lọpọ̀ tàbí ọgọọgọ́rùn-ún àwọn òǹṣàmúlò ohun-èlò nígbà kan náà nípasẹ̀ ṣíṣàjọ ìwífún tuntun láti inú àwọn àkápọ̀-iṣẹ́ ohun-tí-a-fi-àmì-ìdánudúró-pín-níyà (CSV)."
238,Also delete users and classes not in CSV,Pa àwọn òǹṣàmúlò àti ọ̀wọ́-ẹ̀kọ́ tí kò sí ní CSV rẹ́ bákan náà
239,Kolibri is unable to render this resource,Kolibri kò lè pèsè ohun àmúlò yìí
240,It is possible to use Kolibri to register or sign in to third-party applications. ,O lè fi Kolibri forúkọsílẹ̀ tàbí wọlé sí orí àwọn àtòjọ-ètò mìíràn. 
241,"If you do this, the other application will have access to your Kolibri username, unique user ID, and full name.","Bí o bá ṣe èyí, àwọn àtòjọ-ètò mìíràn náà yìi lè lo àwọn orúkọ-òǹṣàmúlò, ìdánimọ̀ òǹṣàmúlò, àti orúkọ rẹ."
242,Include a description of what you were trying to do and what you clicked on when the error appeared.,Ṣe àfikún àpèjúwe nǹkan tí o ń gbìyànjú láti ṣe àti ohun tí o ṣira tẹ̀ nígbàtí àṣìṣe náà jẹyọ.
243,Importing is not possible due to the following errors:,Ìkówọlé kò ṣe é ṣe nítorí àwọn ìṣìṣe wọ̀nyí:
244,You have no quizzes assigned,A kò yan àwọn ìdánwò kékeré kankan fún ọ
245,You have no lessons assigned,A kò yan àwọn ẹ̀kọ́ kànkan fún ọ
246,Summary of changes if you choose to import:,Àwọn àyípadà ní ṣókí bí o bá fẹ́ ṣe ìkówọlé:
247,Sync facility data,Ìṣàmúdọ́gba ìwífún-alálàyé ohun-èlò
248,You can also have multiple facilities on the same device,Bákan náà ni o lè ní onírúurú ohun-èlò ní orí ẹ̀rọ kan náà.
249,Set black theme,Ṣètò àkórí ètò àwọ̀ dúdú
250,Set grey theme,Ṣètò àkórí ètò àwọ̀ eléerú
251,Set white theme,Ṣètò àkórí ètò funfun
252,Show 'download' button with resources,Ṣàfihàn àtẹ̀ìpàṣẹ 'ìgbàwálẹ̀' pẹ̀lú ohun àmúlò
253,Click on the tiles to change the lights.,Ṣíra-tẹ àwọn àlẹ̀mọ́ náà láti yí àwọn iná náà padà.
254,"Fraction, excluding the current expression","Ìdá, láìpẹ̀lú àwọn àmì ìṣirò lọ́wọ́lọ́wọ́"
255,"Fraction, with current expression in numerator","Ìdá, pẹ̀lú àwọn àmì ìṣirò òǹkà ìsàlẹ̀ lọ́wọ́lọ́wọ́"
256,The media playback was aborted due to a corruption problem or because the media used features your browser did not support,Ìṣerépadà ìgbóhùnàtàwòránjáde dúró lójìjì nítorí ìṣoro ìdíbàjẹ́ tàbí nítorí ìgbóhùnàtàwòránjáde ń lo àwọn àbùdá tí kò bá aṣàwáríkiri rẹ ṣiṣẹ́pọ̀
257,The media is encrypted and we do not have the keys to decrypt it,Ìgbóhùnàtàwòránjáde náà wà ní ipò tí kò lè mú wa lo ohun tí ó wà nínú rẹ̀ a kò sì ní àwọn kòkòrò láti yí i padà-sí-ààbò
258,"The media could not be loaded, either because the server or network failed or because the format is not supported","Ìgbóhùnàtàwòránjáde náà kò ṣarajọ, bóyá nítorí àpèsè tàbí ìṣàsọpọ̀ kùnà tàbí nítorí kì í ṣe irú èyí tí ó ń bá a ṣiṣẹ́pọ̀. "
259,Beginning of reading passage.,Ìbẹ̀rẹ̀ kíka àyọkà.
260,Check your significant figures.,Ṣàyẹ̀wò àwọn òǹkà rẹ tó lápẹẹrẹ
261,Click on the tiles to change the lights.,Tẹ̀ àwọn àlẹ̀mọ́ náà láti yí àwọn iná náà padà.
262,"In Kolibri, you can use a facility to manage a large group of users, like a school, an educational program or any other group learning setting. ","Ní Kolibri, o lè lo ohun-èlò kan láti fi ṣàkọ́so ọ̀wọ́ àwọn olùṣàmúlò kan, bí ilé-ìwé, ètò ajẹmẹ́kọ̀ọ́ tàbí èyíkéyìí ìkẹ́kọ̀ọ́ lẹ́gbẹ́lẹ́gbẹ́, bákan náà ni o lè ní onírúurú ohun-èlò ní orí ẹ̀rọ kan náà."
263,This account allows you to manage all content and user accounts on this device,Aṣàmúlò yíì fi àyè gbà ọ́ láti ṣe àbójútó ohun gbogbo àti àwọn ìṣàmúlò òǹṣàmúlò tó ń bẹ lórí ẹ̀rọ yìí
264,Duplicated username,Ìsọdiméjì orúkọ aṣàmúlò
265,Mix of valid and/or invalid header labels found in first row,Àwọn àdàlù àmì aṣorí tí ó yanrantí àti/tàbí àmì aṣorí alàìyanrantí wà ní ìlà ìbú àkọkọ́
266,Enable guest access?,Se ìyọ̀nda ìráyè fún àlejò?
267,Please be patient. Setup may take several minutes,Jọ̀wọ́ ní sùúrù. Àgbékalẹ̀ lè gba àwọn ìṣẹ́jú díẹ̀
268,"If you are setting up Kolibri to be used by other users, you or someone you delegate will be responsible for protecting and managing the user accounts and personal information stored on this device.","Bí o bá ń ṣe àgbékalẹ̀-èto Kolibri fún lílò àwon ẹlòmíràn, ojúṣe ìwọ tàbí eni tí o bá gbéṣẹ́ rán ni dídáààbòbò àti bíbójútó ìṣàmúlò àwọn òǹṣàmúlò àti ìwífún ti-ara-ẹni tí ó wà nípamọ́ lórí ẹ̀rọ yìí."
269,Answered questions,Àwọn ìbéèrè tí ó ti di dídáhùn
270,Questions answered correctly,Àwọn ìbéèrè tí ó jẹ́ dídáhùn dáradára
271,This quiz has not been started yet,Ìdáhùn sí ìbéèrè kúkurú yìí kòì bẹ̀rẹ̀
272,Resource not found on device,Kò sí ohun àmúlò lórí ohun ẹ̀rọ yìí
273,"Some report data is missing, either because there are resources that were not found on the device, or because they are not compatible with your version of Kolibri.","Àwọn ìwífún-alálàyé àbájáde ẹ̀kọ́ kan ti di àwátì, bóyá látàrí àwọn ohun àmúlò tí ó di àwátì lórí ẹ̀rọ, tàbí nítorí pé wọn kò báramu pẹ̀lú ẹ̀yà Kolibri rẹ"
274,Go to download page,Lọ sí ojú ewé ìgbẹ̀dà àkápọ̀-iṣẹ́
275,Some resources are not supported by this version of Kolibri. You may need to upgrade to view them.,Àwọn ohun àmúlò kan kò bá ẹ̀yà Kolibri yìí ṣiṣẹ́. O lè ní láti ṣàfikún tí ó bágbà mu láti rí wọn.
276,Upgrade Kolibri to view resources,Ṣàfikún tí ó bágbà mu sórí Kolibri láti rí àwọn ohun àmúlò
277,You can now manage channels and the permissions of other users. ,O lè ṣe àbójútó àwọn ìkànnì àti ìgbàláàyè àwọn òǹṣàmúlò mìíràn. 
278,Learn more in the Permissions tab.,Mọ̀ sí i níbi ìpín ojú ewé Ìgbàláàyè.
279,"If you have synced this facility to Kolibri Data Portal or to another device on your local network, you may be able to load it back to this device.","Bí o bá ti mú ohun-èlò yìí ṣiṣẹ́ pọ̀ mọ́ Ẹnu-àbáwọlé Ìwífún-alálàyé Kolibri tàbí ṣiṣẹ́ pọ̀ mọ́ ẹ̀rọ mìíràn lórí ìṣàsopọ̀ agbègbè rẹ, ó ṣe é ṣe kí o gbé e padà sí orí ẹ̀rọ yìí."
280,Sync to Kolibri Data Portal if your facility is registered,Múṣiṣẹ́pọ̀ pẹ̀lú Ẹnu-àbáwọlé Ìwífún-alálàyé Kolibri bí o bá ti forúkọsílẹ̀.
281,Sync facility data with another instance of Kolibri on your local network or the internet,Mú ohun-èlò ìwífún-alálàyé ṣiṣẹ́ papọ̀ mọ́ àpẹẹrẹ Kolibri mìíràn lórí ìṣàsopọ̀ ti agbègbè rẹ tàbí lórí ẹ̀rọ ayélujára
282,Sync all facility data,Mú ìwífún-alálàyé ohun èlò gbogbo ṣiṣẹ́pọ̀
283,This will sync all registered facilities on this device to Kolibri Data Portal.,Èyí yóò ṣe ìmúṣiṣẹ́pọ̀ gbogbo ohun èlò tí ó forúkọsílẹ̀ fún Ẹnu-àbáwọlé Ìwífún-alálàyé Kolibri lórí ẹ̀rọ yìí
284,Has all device permissions and can manage the device permissions of other users,Ní gbogbo ìgbàláàyè ó sì lè ṣe àbójútó àwọn ìgbàláàyè ẹ̀rọ àwọn òǹṣàmúlò mìíràn
285,"Warning: Only the facility name will be changed, and the new name will be synced and updated on other devices linked to this facility.","Ìkìlọ̀: Orúkọ ohun-èlò nìkan ni yóò yípadà, orúkọ titun náà yóò ṣiṣẹ́ papọ̀ yóò sì ṣàfikún ìbágbàmu lórí àwọn ẹ̀rọ mìíràn tí ó sọ pọ̀ mọ́ ohun-èlò yìí."
286,Full network address,Ojúlé ìṣàsopọ̀ ẹ̀rọ-ayélujára
287,Could not connect to this network address,Kò lè so pọ̀ mọ́ ojúlé ìṣàsopọ̀ ẹ̀rọ-ayélujára yìí
288,"Please enter a valid IP address, URL, or hostname","Jọ̀wọ́ fi ojúlé IP, URL, tàbí orúkọibùdó tí ó tọ́ sílẹ̀"
289,Choose a name for this address so you can remember it later:,Yan orúkọ fún ojúlé yìí kí o ba rántí rẹ̀ bí ó bá yá:
290,e.g. House network,bí àpẹẹrẹ Ìṣàsopọ̀ ilé
291,Trying to connect to server…,Ìgbìyànjú láti so pọ̀ mọ́ apèsè…
292,You must have super admin permissions to view this page,O gbọdọ̀ ti gbààyè alábòójútó àràmàndà láti wo ojú-ewé yìí
293,Changes not saved,Àwọn àyípadà kò di àpamọ́
294,Changes saved,Àwọn àyípadà ti di àpamọ́
295,Establishing connection,Ń fìdí ìsopọ̀ múlẹ̀
296,Locally integrating received data,Ìfisí ìwífún-alálàyé ti ajẹmágbègbè tí ó ti jẹ́ gbígbà
297,Locally preparing data to send,Ń pèsè ìwífún-alálàyé ajẹmágbègbè láti firánṣẹ́
298,Remotely integrating data,Ìfisí ìwífún-alálàyé ọ̀nà jínjìn
299,Remotely preparing data,Ń pèsè ìwífún-alálàyé ọ̀nà jínjìn
300,Facility successfully removed,Ti ṣàyọkúrò ohun elò láìsíyọnu
301,No active quizzes,Kò sí ìdánwò kúkúrú tó ń ṣiṣẹ́
302,No inactive quizzes,Kò sí ìdánwò kúkúrú tí ò ṣiṣẹ́
303,Average quiz score,Agbedeìpín àmì ìdinwọ̀n ìbéèrè kúkurú
304,Average time spent,Agbedeìpín àkókò tí a lò
305,All learners will be given a final score and a quiz report. ,Gbogbo akẹ́kọ̀ọ́ ni yóò gba yóò gba àmì òdinwọ̀n ìparí àti ìjábọ̀ àwọn ìbéèrè. 
306,Unfinished questions will be counted as incorrect.,Àìtọ́ ni a ó ka àwọn ìbéèrè àìṣeparí sí.
307,Export as CSV,Kówọlé gẹ́gẹ́ bí CSV
308,Starting the quiz will make it visible to learners and they will be able to answer questions,Bíbẹ̀rẹ̀ ìbéèrè náà yóò fún àwọn akẹ́kọ̀ọ́ ní àǹfààní láti rí ẹ̀kọ́ yìí kà tí wọn yóò sì ní àǹfààní láti dáhùn àwọn ìbéèrè.
309,"Please enter a valid IP address, URL, or hostname","Jọ̀wọ́ kọ ojúlé IP, URL, tàbí orúkọapèsè"
310,create new classes (for any referenced class names that do not yet exist),ṣẹ̀dá àwọn ọ̀wọ́ ẹ̀kọ́ tuntun (fún èyíkéyìí ìtọ́kasí orúkọ ọ̀wọ́ ẹ̀kọ́ tí kò sí tẹ́lẹ̀tẹ́lẹ́rí)
311,set which classes each learner is enrolled in,ṣààtò ọ̀wọ́ ẹ̀kọ́ tí ọ̀kọ̀ọ̀kan akẹ́kọ̀ọ́ forúkọsílẹ̀ fún
312,set which classes each coach is assigned to,ṣààtò ọ̀wọ́ ẹ̀kọ́ tí a fi ọ̀kọ̀ọ̀kan akọ́ni sí
1,How to: Avoid Phishing Attacks,Bí a ṣe lè: Dènà ìdojúkọ Fíṣíìnì
2,Last reviewed: 9-6-2017,Ìtúnwò Ìkẹyìn 9-6-2017
3,"On your path to improving your digital security, you may encounter bad actors who attempt to undermine your security goals.","Nípasẹ̀ ìmúgbòrò ààbò rẹ lórí ayélujára, o lè ṣ'alábàápàdé òṣèré ibi t'ó pète láti sọ ààbò rẹ di yẹpẹrẹ."
4,"We call these bad actors adversaries, or attackers.","Òṣèré burúkú ni a pe irú ọ̀tá, tàbí adojúkọni báwọ̀nyí."
5,"When an attacker sends an email or link that looks innocent, but is actually malicious it’s called phishing.","Bí adojúkọni bá fi ímeèlì tàbí ìsopọ̀ tó jọ gidi, àmọ́ tí ó jẹ́ àrànkàn ni à ń pè ní Fíṣíìnì."
6,A phishing attack usually comes in the form of a message meant to convince you to:,Ìdojúkọ Fíṣíìnì sábà máa ń rí gẹ́lẹ́ bíi iṣẹ́-ìjẹ́ láti tàn ọ́:
7,click on a link;,Kí o ṣíra tẹ
8,open a document;,ìsopọ̀ adaríẹni s'ójú ìwé mìíì
9,install software on your device; or,Kí o gba ẹ̀da iṣẹ́-àìrídìmú sílẹ̀ sórí ẹ̀rọ-ayárabíàṣáà rẹ; tàbí
10,enter your username and password into a website that’s made to look legitimate.,Kí o tẹ orúkọ ìdánimọ̀ àti ọ̀rọ̀-ìfiwọléè rẹ sórí ibùdó-ìtàkùn tó jọ ògidì.
11,Phishing attacks can trick you into giving up your passwords or trick you into installing malware on your device.,"Ìdojúkọ Fíṣíìnì lè tàn ọ́ fi kí o fi ọ̀rọ̀-ìfiwọléè rẹ sílẹ̀, tàbí tàn ọ́ láti fi iṣẹ́-àìrídìmú àidara sórí ẹ̀rọọ̀ rẹ."
12,"Attackers can use malware to remotely control your device, steal information, or spy on you.","Adojúkọni lè lo iṣẹ́-àìrídìmú àrànkàn láti fi pàṣẹ fún ẹ̀rọọ̀ rẹ, jí ìwífún-un rẹ, tàbí fi ṣe alamí."
13,This guide will help you to identify phishing attacks when you see them and outline some practical ways to help defend against them.,Ìtọ́nà yìí yóò ràn ọ́ lọ́wọ́ láti tètè dá ìdojúkọ Fíṣíìnì mọ̀ ní kété tí o bá ṣ'alábàápàdée wọn àti àwọn ọ̀nà tó wúlò tí yóò ràn ọ́ lọ́wọ́ láti gbaradì fún wọn
14,Types of Phishing Attacks,Àwon oríìsí ìdojúkọ Fíṣíìnì tó wà
15,Phishing for Passwords (aka Credential Harvesting),Fíṣíìnì fún Ọ̀rọ̀-ìfiwọlé (tí a mọ̀ sí kíkórèe ìwé-ẹ̀rí)
16,Phishers can trick you into giving them your passwords by sending you a deceptive link.,Fíṣíìnì fún Ọ̀rọ̀-ìfiwọlé lè tàn ọ́ kí o ṣ'èṣì fún wọn ní ọ̀rọ̀-ìfiwọléè rẹ nípa fífi ìsopọ̀ ṣ'ọwọ́ sí ọ.
17,"Web addresses in a message may appear to have one destination, but lead to another.",Ojúlé ìtàkùn àgbáyé inú iṣẹ́-ìjẹ́ lè darí ẹni sí ibòmíràn.
18,"On your computer, you can usually see the destination URL by hovering over the link.","Lórí ẹ̀rọ-ayárabíàṣáà rẹ, o máa rí URL tí ò ń lọ, bí o bá fẹ́ tẹ ìsopọ̀."
19,"But links can be further disguised with lookalike letters, or by using domain names that are one letter off from legitimate domain names and may direct you to a webpage that appears to go to a service that you use, such as Gmail or Dropbox.","Ṣùgbọ́n a lè díbọ́n ìsopọ̀ kí o jọ ara, tàbí lílo orúkọ ibùdó ìtàkùn tí ọmọ-ọ̀rọ̀ kan ti dín àti o lè daríì rẹ lọ sí ojúùwé ìtàkùn àgbáyé tó jọ èyí tí o ti máa ń lò, bíi Gmail tàbí Dropbox."
20,These fake replica login screens often look so legitimate that it’s tempting to type your username and password,Àwọn ojú ìwé ìfiwọlé wọ̀nyí sábà máa ń rí bí òótọ́ ti yóò tàn ọ́ láti fi orúkọ-ìdánimọ̀ àti ọ̀rọ̀-ìfiwọléè rẹ sílẹ̀.
21,"If you do, you will send your login credentials to the attackers.","Bí o bá ṣe bẹ́ẹ̀, o ó fi ohun-ẹ̀rí ìfiwọléè rẹ ránṣẹ́ sí adojúkọni."
22,"So before typing any passwords, look at the address bar of your web browser.","Torí ìdí èyí, kí o tó tẹ ọ̀rọ̀-ìfiwọlé, yẹ pátákó àdírẹ́ẹ̀sì orí ibùdó-ìtàkùn asàwáríkiriì rẹ wò."
23,It will show the real domain name of the page.,Yóò fi ògidì orúkọ agbègbè-ìkápá ojú ìwé náà hàn gbangba.
24,"If it doesn't match the site you think you’re logging into, don't continue!","Bí kò bá jọ ibùdó tí o mọ̀ tẹ́lẹ̀, máà tẹ̀síwájú!"
25,Remember that seeing a corporate logo on the page doesn't confirm it's real.,Ṣèrántí wípé àwòrán ilé-iṣẹ́ tí o rí lójú ìwé àyédèrú kò fi hàn wípé ojúlówó ni.
26,Anybody can copy a logo or design onto their own page to try and trick you.,Ẹnikẹ́ni lè gbé ẹ̀da àwòrán-ìdánimọ̀ sí orí ojú ìwé tí wọn láti fi tàn ọ́ jẹ.
27,Some phishers use sites that look like popular Web addresses to fool you: https://wwwpaypal.com/ is different from https://www.paypal.com/.,"Àwọn onífíṣíìnì mìíì máa ń lo ibùdó tó fojú jọ ojúlé-ìtàkùn àgbáyé láti tàn ọ́: https://wwwpaypal.com/ yàtọ̀ sí, https://www.paypal.com/."
28,Similarly https://www.paypaI.com/ (with a capital letter “i” instead of a lowercase “L”) is different from https://www.paypal.com/.,"Ẹ̀wẹ̀wẹ̀, https://www.paypaI.com/ (tí ò ní ""i"" nílá dípò ""L"" kékeré yàtọ̀ sí https://www.paypal.com/."
29,"Many people use URL shorteners to make long URLs easier to read or type, but these can be used to hide malicious destinations.","Ọ̀pọ̀ ènìyàn máa ń lo ayí-atọ́ka-ibùdó-ìtàkùn di kúkúrú URL kí URL gígùn ba rọrùn fún kíkà tàbí tẹ̀, ṣùgbọ́n a lè fi èyí ṣe ìpamọ́ ibùdó burúkú."
30,"If you receive a shortened URL like a t.co link from Twitter, try putting it into https://www.checkshorturl.com/ to see where it's really going.","Bí o bá gba URL kúkúrú bíi ìsopọ̀-adáríẹni t.co lórí Twitter, gbìyànjú kí o ṣe àyẹ̀wò ìdánilójú https://www.checkshorturl.com/ láti tú àṣìírí ibi tí ò ń lọ gan-an."
31,"Remember, it's easy to forge emails so that they display a false return address.","Rántí, ó rọrùn láti ṣe àyédèrú ímeèlì kí ó ba han ojúlé ìdápadà ímeèlì ẹ̀tàn."
32,This means that checking the apparent email address of the sender isn't enough to confirm that an email was really sent by the person it appears to be from.,Èyí túmọ̀ sí wípé ìṣàyèwò ojúlé ímeèlì àfiṣẹ́-ìjẹ́-ránṣẹ́ kò tó láti mọ̀ bóyá olóòótọ́ ni ẹni tó rí iṣẹ́-ìjẹ́ ránṣẹ́ tàbí ìdà kejì.
33,Most phishing attacks cast a wide net.,Àwọ̀n fífẹ̀ ni onífíṣíìnì sábà máa ń lò fi ṣiṣẹ́ láabi wọn.
34,"An attacker might send emails to hundreds or thousands of people claiming to have an exciting video, important document, or billing dispute.","Adojúkọni lè fi ímeèlì ránṣẹ́ sí ọgọọgọ́rùn-ún tàbí ẹgbẹẹgbẹ̀rún ènìyàn láti tẹ àwòrán fídíò alárinrin, ìwé tó ṣe pàtàkì, tàbí àríyànjiyàn ìsanwó kan."
35,But sometimes phishing attacks are targeted based on something the attacker already knows about an individual.,Àmọ́ nígbà mìíràn a máa ń daríi ìdojúkọ fíṣíìnì sí ẹni tí a mọ̀ kiní kan nípa rẹ̀.
36,"This is called ""spearphishing."" Imagine you receive an email from your Uncle Boris that says it contains pictures of his kids.","Èyí ni a pè ní ""Fíṣíìnì ọkọ̀."" Rò ó wípé o gba ímeèlì kan láti ọ̀dọ ẹ̀gbọ́n Boris tí ó ní àwòrán ọmọọ̀ rẹ̀ nínú."
37,"Since Boris actually has kids and it looks like it is from his address, you open it.","Níwọ̀n ìgbà tí Boris ní ọmọ àti pé ìjẹ́rìí sí ojúlé ímeèlìi rẹ̀ jọ èyí tí o mọ̀ tẹ́lẹ̀, o ṣí i."
38,"When you open the email, there is a PDF document attached to it.","Nígbà tí o ṣí i, o rí fáìlì àgbàsílẹ̀ kékeré PDF tí a fi mọ́ ọn."
39,"When you open the PDF, it may even display pictures of Boris’ kids, but it also quietly installs malware on your device that can be used to spy on you.","Bí o bá ṣí PDF náà, o lè fi àwòrán ọmọ Boris hàn, ṣùgbọ́n o ti ṣe kẹ́lẹ́kẹ́lẹ́ gbé iṣẹ́-àìrídìmú àìdára sórí ẹ̀rọ-ayárabíàṣáà rẹ tí yóò máa ṣe alamí ohun tí o bá ń ṣe wò."
40,"Uncle Boris didn't send that email, but someone who knows you have an Uncle Boris (and that he has children) did.","Ẹ̀gbọ́n Boris kọ́ ló fi ímeèlì yẹn ránṣẹ́, ṣùgbọ́n ẹni tí o mọ̀ wípé ó ni ẹ̀gbọ́n kan tó ń jẹ́ Boris (tí ó ní ọmọ wẹ́wẹ́)."
41,"The PDF document that you clicked on started up your PDF reader, but took advantage of a bug in that software to run its own code.","PDF tí o ṣíra tẹ̀, tí aka PDF ń ṣí lọ́wọ́, ni iṣẹ́-àìrídìmú àìdára yìí yá lò fi fọ́n odùu rẹ̀ ká sórí ẹ̀rọọ̀ rẹ."
42,"In addition to showing you a PDF, it also downloaded malware onto your computer.","Láfikún sí PDF tí o rí, o ti ṣe àgbàsílẹ̀ ẹ̀da iṣẹ́-àìrídìmú àìdára sórí ẹ̀rọ ayárabíàṣáà rẹ."
43,That malware could retrieve your contacts and record what your device's camera and microphone sees and hears.,Iṣẹ́-àìrídìmú àìdára yẹn sì lè jí ẹnimímọ̀ àti ká àwòrán tí ayàwòrán àti  gbohùngbohùn rẹ̀ gbọ́ sílẹ̀.
44,The best way to protect yourself from phishing attacks is to never click on any links or open any attachments.,Ọ̀nà tó dára jù fún ìdáààbòbò araà rẹ lọ́wọ́ ìdojúkọ fíṣíìnì ni láti máà tẹ ìsopọ̀ adarí ẹni tàbí ṣí àfimọ́ tí a fi mọ́ ímeèlì.
45,But this advice is unrealistic for most people. Below are some practical ways to defend against phishing.,Ṣùgbọ́n àmọ̀ràn yìí kò jẹ́ nǹkankan fún ọ̀pọ̀ ènìyàn. Àwọn ọ̀nà tó yanrantí fún ààbò fíṣíìnì wà nísàlẹ̀.
46,How to Help Defend Against A Phishing Attack,Ìrànwọ́ bí o ṣe lè gbógunti Ìdojúkọ Fíṣíìnì
47,Keep your software updated,Fi àfikún fún iṣẹ́-àìrídìmúù rẹ
48,Phishing attacks that use malware often rely on software bugs in order to get the malware onto your machine.,Ìdojúkọ Fíṣíìnì alo iṣẹ́-àìrídìmú àìdára sábà máa ń gbójúlé odù-aṣàṣìṣe iṣẹ́-àìrídìmú láti gbé iṣẹ́-àìrídìmú àìdára sóríi ẹ̀rọọ̀ rẹ.
49,"Usually once a bug becomes known, a software manufacturer will release an update to fix it.","Lọ́pọ̀ ìgbà bí a bá ṣ'àkíyèsíi odù-aṣàṣìṣe, oníṣọnà iṣẹ́-àìrídìmú yóò gbé àfikún àtúnṣe jáde."
50,This means that older software has more publicly-known bugs that could be used to help install malware.,Èyí túmọ̀ sí wípé iṣẹ́-àìrídìmúu ti tẹ́lẹ̀ ní odù-aṣàṣìṣe tó pọ̀ tí a lè lò fi gbé iṣẹ́-àìrídìmú àìdára sórí ẹ̀rọ.
51,Keeping your software up to date reduces malware risks.,Gbígba àfikún iṣẹ́-àìrídìmúù rẹ lóòrèkóòrè yóò dín ewu iṣẹ́-àìrídìmú àìdára kù.
52,Use a password manager with auto-fill.,Lo aṣàkóso ọ̀rọ̀-ìfiwọlé aṣiṣẹ́fúnrarẹ̀.
53,Password managers that auto-fill passwords keep track of which sites those passwords belong to.,Aṣàkóso ọ̀rọ̀-ìfiwọlé aṣiṣẹ́fúnrarẹ̀ yóò ṣe àpamọ̀ ibùdó tí o ti ń lo ọ̀rọ̀-ìfiwọlé ọ̀hún.
54,"While it’s easy for a human to be tricked by fake login pages, passwordmanagers are not tricked in the same way.","Bí ó ṣe rọrùn fún ènìyàn tó láti bọ́ sí pánpẹ́ ojú ìwé ìfiwọlé ayédèrú, aṣàkóso ọ̀rọ̀-ìfiwọlé ò le è lùgbàdí irú ẹ̀tàn bẹ́ẹ̀."
55,"If you use a password manager (including the built-in password manager in your browser), and it refuses to auto-fill a password, you should hesitate and double check the site you’re on.","Bí o bá ń lọ aṣàkóso ọ̀rọ̀-ìfiwọlé (títí kan aṣàkóso ọ̀rọ̀-ìfiwọlé tó bá asàwáríkiriì rẹ́ wà), tí ó kọ̀ láti ṣiṣẹ́ kíkọ ọ̀rọ̀-ìfiwọlé fúnra rẹ̀, ó yẹ kí o ṣe iyèméjì, kí o ṣe àtúnyẹ̀wò ibùdó tí o wà."
56,"Better yet, use randomly generated passwords so that you are forced to rely on auto-fill, and less likely to type your password into a fake login page.","Síbẹ̀, lo ọ̀rọ̀-ìfiwọlé alágbára tí aṣàkóso ọ̀rọ̀-ìfiwọlé lè kọ fúnra rẹ̀ lórí ojú ìwé ìfiwọlé ayédèrú dípò kí o fi ọwọ́ọ̀ rẹ tẹ̀ ẹ́."
57,Verify Emails with Senders,Jẹ́rìí sí ímeèlì pẹ̀lú afiṣẹ́-ìjẹ́ ránṣẹ́
58,One way to determine if an email is a phishing attack is to check via a different channel with the person who supposedly sent it.,Ọ̀nà kan láti mọ̀ bí ímeèlì kan bá jẹ́ ìdojúkọ Fíṣíìnì ni wíwòó ní ìkànnì mìíràn láti yẹ ẹni tó fi ránṣẹ́ wò.
59,"If the email was purportedly sent from your bank, don’t click on links in the email.","Bí ímeèlì náà bá wá láti ilé-ìfowópamọ́ọ̀ rẹ, máà tẹ ìsopọ̀ adarí ẹni sí ojú ìwé mìíràn tí a fi sí inú ímeèlì náà."
60,"Instead, call your bank or open your browser and type in the URL of your bank's website.","Kàkà bẹ́ẹ̀, pe ilé-ìfowópamọ́ọ̀ rẹ tàbí kí o ṣí aṣàwáríkiriì rẹ kí o sì tẹ URL ilé-ìfowópamọ́ọ̀ rẹ sí i."
61,"Likewise, if your Uncle Boris sends you an email attachment, call him on the phone and ask if he sent you pictures of his kids before opening it.","Bẹ́ẹ̀ gẹ́gẹ́, bí ẹ̀gbọ́n Boris bá fi ímeèlì tí o ní àfimọ́ nínú, pè é lórí ẹ̀rọ-ìbánisọ̀rọ̀ọ kí o béèrè bóyá ó fi àwòrán ọmọ rẹ̀ ránṣẹ́ kí o tó ó ṣí i."
62,Open Suspicious Documents in Google Drive,Ṣí ìwé afurasí nínú Google Drive
63,Some people expect to receive attachments from unknown persons.,Àwọn ènìyàn ń fojú sọ́nà fún ìfimọ́ láti ọwọ́ ẹni tí o kò mọ̀.
64,"For example, journalists commonly receive documents from sources.","Fún àpẹẹrẹ, oníròyìn sábà máa ń gba ìwé láti ibi pàtàkì oríṣiríṣi."
65,"But it can be difficult to verify that a Word document, Excel spreadsheet, or PDF file isn't malicious.","Ṣùgbọ́n ó lè nira láti ṣe ìjẹ́rìísí bóyá ìwé Word, àtẹ́kalẹ̀ Excel, tàbí fáìlì PDF kì í ṣe ti búburú."
66,"In these cases, don't double-click the downloaded file.","Bí èyí bá wáyé, o kò gbọdọ̀ ṣíra tẹ fáìlì tí o gba ẹ̀dàa rẹ̀ sílẹ̀ lẹ́rìnmejì."
67,"Instead, upload it to Google Drive or another online document reader.","Kàkà bẹ́ẹ̀, gbé e sóríi Google Drive tàbí akàwé mìíràn lórí ayélujára."
68,"This will turn the document into an image or HTML, which almost certainly will prevent it from installing malware on your device.","Èyí yóò yí ìwé náà padà sí àwòrán tàbí sí HTML, tí yóò dí gbígbé iṣẹ́-àìrídìmú àìdára lọ́wọ́ lórí ẹ̀rọọ̀ rẹ."
69,"If you're comfortable with learning new software and willing to spend time setting up a new environment for reading mail or foreign documents, there are dedicated operating systems designed to limit the effect of malware.","Bí ó bá hùn ọ́ láti kọ́ ìmọ̀ iṣẹ́-àìrídìmú tuntun fún kíka ímeèlì tàbí kíka ìwé ilẹ̀ òkèèrè, ó ní ẹ̀rọ ìṣiṣẹ́ tí yóò dín ipa iṣẹ́-àìrídìmú àìdára kù."
70,TAILS is a Linux-based operating system that deletes itself after you use it.,TAILS jẹ́ ti ẹ̀rọ ìṣiṣẹ́ ti Linux tó máa ń pa araà rẹ̀ rẹ́ lẹ́yìn tí a bá lò ó tán.
71,"Qubes is another Linux-based system that carefully separates applications so that they cannot interfere with each other, limiting the effect of any malware.","Qubes jẹ́ ẹ̀rọ ìṣiṣẹ́ mìíràn lórí Linux tí máa ń ṣe jẹ́jẹ́ ya iṣẹ́ s'ọ́tọ̀ọ̀tọ̀ kí wọ́n ba máà di ara wọn lọ́wọ́, tí yóò dín ipa iṣẹ́-àìrídìmú àìdára kù."
72,Both are designed to work on laptop or desktop computers.,Méjèèjì ló ń ṣiṣẹ́ lóríi ẹ̀rọ-ayárabíàṣá àgbélétan àti àgbélétábìlì.
73,"You can also submit untrusted links and files to VirusTotal, an online service that checks files and links against several different antivirus engines and reports the results.","O kò le è fi ìsopọ̀ àti fáìlì tí o kò fọkàn tàn sí VirusTotal, iṣẹ́ orí ayélujára ayẹ fáìlì àti ìsopọ̀ wò láti lòdì s'ónírúurú agbógunti-odù-àrànká-abẹ̀rọ-ayárabíàṣájẹ́ tí yóò sì jíhìn àbájáde rẹ̀."
74,This isn't foolproof—antivirus often fails to detect new malware or targeted attacks—but it is better than nothing.,Èyí kò dájú - antivirus sábà máa ń kùnà láti rí iṣẹ́-àìrídìmú àìdára tuntun tàbí ìdojúkọ - ṣùgbọ́n ó dára ju àìsíi rẹ̀ lọ.
75,"Any file or link that you upload to a public website, such as VirusTotal or Google Drive, can be viewed by anyone working for that company, or possibly anyone with access to that website.","Fáìlìkífáìlì tàbí ìsopọ̀kísopọ̀ tí o bá gbé sórí ibùdó-ìtàkùn-àgbáyé gbogboògbò, bíi VirusTotal tàbí Google Drive, lè jẹ́ wíwò fún ẹnikẹ́ni tó bá ń ṣiṣẹ́ fún ilé-iṣẹ́ yẹn, tàbí ẹnikẹ́ni tó bá ní ààyè sí ibùdó-ìtàkùn yẹn."
76,"If the information contained in the file is sensitive or privileged communications, you may want to consider an alternative.","Bí ìwífún inúu fáìlì náà bá jẹ́ èyí tí ẹnìkejì ò gbọdọ̀ rí, o lè fẹ́ lo òmíràn."
77,Be Careful of Emailed Instructions,Ṣọ́ra fún àlàyé inú ímeèlì
78,"Some phishing emails claim to be from a computer support department or technology company and ask you to reply with your passwords, or to allow a “computer repair person” remote access to your computer, or to disable some security feature on your device.","Àwọn ímeèlì Fíṣíìnì kan máa ń parọ́ wípé àjọ alátìlẹ́yìn fún ilé iṣẹ́ ìmọ̀ ẹ̀rọ ni àwọn ń ṣe, wọ́n á sì ní kí o fi ọ̀rọ̀-ìfiwọléè rẹ ṣọwọ́, tàbí f'ààyè gba ""atẹ́rọ̀ ayárabíàṣá ṣe"" láti wọ ẹ̀rọ ayárabíàṣáà rẹ, tàbí yọ ààbò orí ẹ̀rọọ̀ rẹ kúrò."
79,"The email might give a purported explanation of why this is necessary, by claiming, for example, that your email box is full or that your computer has been hacked.","rọ́ nípa ìdí tí ó yẹ kí o fi gbọ́ sí wọn lẹ́nu ní ẹ̀kúnrẹ́rẹ́ ni ohuninú ímeèlì náà yóò jẹ́, fún àpẹẹrẹ, wípé àpótí ímeèlì rẹ tí kún tàbí wípé olè ti wọ inú ẹ̀rọọ̀ rẹ"
80,"Unfortunately, obeying these fraudulent instructions can be bad for your security.","Láìbọ́sírere, gbígbọ́ sí àwọn ọ̀daràn wọ̀nyí lẹ́nu lè ṣe àkóbá fún ààbò rẹ."
81,Be especially careful before giving anyone technical data or following technical instructions unless you can be absolutely certain that the request's source is genuine.,Ṣọ́ra kí o tó fún ẹnikẹ́ni ní ìwífún tó lè kó ọ síta bí ọmọ ọjọ́ mẹ́ta àyàfi bí ó bá dáa lójú wípé ibi dáadáa ni aṣèbéèrè náà ti wá.
82,"If you are at all suspicious of an email or link someone has sent you, don’t open or click on it until you’ve mitigated the situation with the above tips and can be confident it’s not malicious.","Bí ìfura bá ṣe ọ́ nípa ímeèlì tàbí ìsopọ̀ tí ẹnìkan fi ránṣẹ́ sí ọ, máà ṣí i tàbí ṣíra tẹ̀ ẹ́ àfi ìgbà tí o bá ti gbìyànjú àwọn ìmọ̀ràn tí a kà sókè wọ̀nyí àti bí o bá rí àrídájú wípé kì í ṣe ti aburú."
83,How to: Enable Two-factor Authentication,Bí a ṣe lè: f'ààyègba ìfẹ̀rílàdí Ọlọ́nà-méjì
84,Two-factor authentication (or “2FA”) is a way to let a user identify him or herself to a service provider by requiring a combination of two different authentication methods.,Ìfẹ̀rílàdí ọlọ́nà-méjì (tàbí 2FA) ni ìgbẹ́sẹ̀ ìdánimọ̀ òǹlò nípa lílo àkójọpọ̀ ìfẹ̀rílàdí oríṣi méjì láti lo iṣẹ́ apèsè.
85,"These may be something that the user knows (like a password or PIN), something that the user possesses (like a hardware token or mobile phone), or something that is attached to or inseparable from the user (like their fingerprints).","Èyí lè jẹ́ ohun tí òǹlò mọ̀ (bíi ọ̀rọ̀-ìfiwọlé tàbí PIN), ohun tí òǹlò ní (bíi àmì iṣẹ́-àrídìmú tàbí ẹ̀rọ-ìbánisọ̀rọ̀ọ), tàbí nǹkan tí a fimọ́ tàbí tí kò ṣe é yà s'ọ́tọ̀ lára òǹlò (bíi ìtẹ̀ka wọn)."
86,You probably already use 2FA in other parts of your life.,O ó ti máa lo 2FA nínú ìgbé ayéè rẹ.
87,"When you use an ATM to withdraw cash, you must have both your physical bankcard (something you possess) and your PIN (something that you know).","Bí o bá lo ATM láti gbowójádé, o gbọdọ̀ ní ike pélébé ilé-ìfowópamọ́ọ̀ rẹ (ohun tí o ní) àti PIN rẹ (ohun tí o mọ̀)"
88,"Right now, however, many online services only use one factor to identify their users by default—a password.","Ní báyìí, ọ̀pọ̀ iṣẹ́ orí ayélujára á máa lo ìdánimọ̀ kan ṣoṣo fún òǹlò wọn gẹ́gẹ́ bíi ààtòàbáwá - ọ̀rọ̀-ìfiwọlé."
89,How does 2FA work online?,Báwo ni 2FA ṣe ń ṣiṣẹ́ lórí ayélujára?
90,"Several online services—including Facebook, Google, and Twitter—offer 2FA as an alternative to password-only authentication.","Àìmọye iṣẹ́ orí ayélujára - títí kan Facebook, Google, àti Twitter - ń pèsèe 2FA gẹ́gẹ́ bí ọ̀nà mìíràn fún ìfẹ̀rílàdí ọ̀rọ̀-ìfiwọlé nìkan."
91,If you enable this feature you’ll be prompted for both a password and a secondary method of authentication.,"Bí o bá f'ààyègba iṣẹ́ yìí, wà á fi ọ̀rọ̀-ìfiwọlé àti ọ̀nà mìíràn ṣe ìfẹ̀rílàdí."
92,"authentication. This second method is typically either a one-time code sent by SMS or a one-time code generated by a dedicated mobile app that stores a secret (such as Google Authenticator, Duo Mobile, the Facebook app, or Clef).","Ọ̀nà kejì ni ọ̀kan nínúu SMS tàbí odù àlòlẹ́ẹ̀kan tí áàpù ẹ̀rọ alágbèéká afohunìkọ̀kọ̀ pamọ́ gẹ́gẹ́ bíi Afẹ̀rílàdí Google, Duo Mobile, áàpù Facebook, tàbí Clef) tí a yà s'ọ́tọ̀ fún iṣẹ́ yìí yóò gbà jáde."
93,"In either case, the second factor is your mobile phone, something you (normally) possess.","Èyíkéyìí, ọ̀nà kejì ni ẹ̀rọ-ìbánisọ̀rọ̀ọ alágbèékáà rẹ, ohun tí ó sábà máa ń ní."
94,"Some websites (including Google) also support single-use backup codes, which can be downloaded, printed on paper, and stored in a safe location as an additional backup.","Ibùdó-ìtàkùn-àgbáyé (títí kan Google) náà nítìlẹ́yìn ìpamọ́ odù alálòlẹ́ẹ̀kan, tí ẹ̀da rẹ̀ ṣe é gbà sórí ẹ̀rọọ̀ rẹ, ṣe é tẹ̀ sórí ìwé, àti fi pamọ́ sí ibìkan."
95,"Once you’ve opted-in to using 2FA, you’ll need to enter your password and a one-time code from your phone to access your account.","Ní kété tí o bá ti f'ọwọ́ sí i láti máa lo 2FA, o nílò ọ̀rọ̀-ìfiwọléè rẹ àti odù alálòlẹ́ẹ̀kan láti orí ẹ̀rọ-ìbánisọ̀rọ̀ọ alágbèékáà rẹ kí o tó ó r'áàyè wọ ìṣàmúlòo rẹ."
96,Why should I enable 2FA?,Kí ló dé tí mo fi gbọdọ̀ f'ààyègba 2FA?
97,2FA offers you greater account security by requiring you to authenticate your identity with more than one method.,2FA ń fún ìṣàmúlòo rẹ ní ààbò tó péye nípa mímú ọ fi ẹ̀rí làdí ìdánimọ̀ọ rẹ ju ọ̀nà kan lọ.
98,"This means that, even if someone were to get hold of your primary password, they could not access your account unless they also had your mobile phone or another secondary means of authentication.","Èyí túmọ̀ sí wípé, bí ẹnikẹ́ni bá ti ẹ̀ gba ọ̀rọ̀-ìfiwọléè rẹ mú nípò kìnínní, wọn kò ní le è r'ọ́nà wọ ìṣàmúlòo rẹ àyàfi bí wọ́n bá ní ẹ̀rọ-ìbánisọ̀rọ̀ọ alágbèékáà rẹ tàbí r'ọ́nà ipò-kejì lo ìfẹ̀rílàdí mìíràn."
99,Are there downsides to using 2FA?,Ǹjẹ́ 2FA ní àléébù?
100,"Although 2FA offers a more secure means of authentication, there is an increased risk of getting locked out of your account if, for example, you misplace or lose your phone, change your SIM card, or travel to a country without turning on roaming.","Bótilẹ̀jẹ́pé 2FA ń fún ni ní ààbò tó péye fún ìfẹ̀rílàdí, ewu àtìmóde ìṣàmúlòo rẹ le è wáyé, fún àpẹẹrẹ, o kò mọ ibi tí o ṣ'ọwọ́ọ̀ ẹ̀rọ-ìbánisọ̀rọ̀ rẹ sí tàbí o ti pàdánùu rẹ, tàbí pààrọ̀ ike pélébé SIM rẹ, tàbí rìnrìn àjò sí ìlú mìíràn láì tan ìrìn-káàkiri orí ẹ̀rọọ̀ rẹ."
101,Many 2FA services provide a short list of single-use “backup” or “recovery” codes.,"Ọ̀pọ̀ nínú iṣẹ́ 2FA ní ń pèsè àkàsílẹ̀ ""àpamọ́"" kúkúrú alálòlẹ́ẹ̀kan tàbí odù ""ìgbàpadà""."
102,"Each code works exactly once to log in to your account, and is no longer usable thereafter.","Ẹ̀rìnkan o lè lo ọ̀kọ̀ọ̀kan odù yìí fi wọ ìṣàmúlòo rẹ, kò sì wúlò mọ́ lẹ́yìnwá."
103,"If you are worried about losing access to your phone or other authentication device, print out and carry these codes with you.","Bí ọ̀kan-àn rẹ kò bá balẹ̀ nípa ìpàdánù ẹ̀rọ-ìbánisọ̀rọ̀ọ rẹ tàbí ẹ̀rọ ìfẹ̀rílàdí mìíràn, tẹ odù wọ̀nyí jáde kí o sì máa gbé e kiri."
104,"They'll still work as “something you have,” as long as you only make one copy, and keep it close.","Wọn yóò ṣì ṣiṣẹ́ bí ""ohun tí o ní,"" níwọ̀n ìgbà tí o bá tẹ ẹ̀dà kan ṣoṣo."
105,Remember to keep the codes secure and ensure that no one else sees them or has access to them at any time.,Kí o sì tọ́júu odù náà kí o rí i dájú wípé ẹlòmíràn kò rí i tàbí r'áàyè sí i nígbàkúùgbà.
106,"If you use or lose your backup codes, you can generate a new list next time you’re able to log in to your account.","Bí o bá lo odù àkópamọ́ tàbí pàdánùu rẹ, o lè gba òmíràn jáde tí o bá r'áàyè wọ inú ìṣàmúlò rẹ."
107,Another problem with 2FA systems that use SMS messages is that SMS messaging isn't that secure.,Ìṣòro mìíràn tí ẹ̀rọ 2FA tó ń lo iṣẹ́-ìjẹ́ SMS ni wípé iṣẹ́-ìjẹ́ SMS kò l'áàbò tó.
108,It's possible for a sophisticated attacker who has access to the phone network (such as an intelligence agency or an organized crime operation) to intercept and use the codes that are sent by SMS.,Ó ṣe é ṣe fún ògbólógbòó adojúkọni láti r'áàyè wọ inúu ìṣàsopọ̀ ẹ̀rọ-ìbánisọ̀rọ̀ọ rẹ (gẹ́gẹ́ bíi àjọ aṣèwádìí ọ̀daràn tàbí ẹgbẹ́ arúfin kan) láti jí àti lo odù tí a lo SMS fi ránṣẹ́ sí ọ.
109,"There have also been cases where a less sophisticated attacker (such as an individual) has managed to forward calls or text messages intended for one number to his or her own, or accessed telephone company services that show text messages sent to a phone number without needing to have the phone.","Pàápàá adojúkọni tí kì í ṣe ògbólógbòó ti dáríi iṣẹ́-ìjẹ́ ẹlòmíràn sórí ilàa tirẹ̀, tàbí r'ọ́nà wọ ilé-iṣẹ́ apèsè àfihàn iṣẹ́-ìjẹ́ tí a fi ránṣẹ́ sórí ilà hàn láì nílò ẹ̀rọ-ìbánisọ̀rọ̀."
110,"If you're worried about this level of attack, turn off SMS authentication, and only use authenticator apps like Google Authenticator or Authy.","Bí ọkàn-an rẹ̀ ò bá balẹ̀ nípa ìdojúkọ, pa ìfẹ̀rílàdí SMS, kí o sì lo áàpù afẹ̀rílàdí bíi Google Authenticator tàbí Authy."
111,Unfortunately this option is not available with every 2FA-enabled service.,"Láìbọ́sírere, àṣàyàn yìí kò sí lárọ̀ọ́wọ́tó fún gbogbo iṣẹ́ afààyègbà 2FA."
112,"In addition, using 2FA means you may be handing over more information to a service than you are comfortable with.","Níròpọ̀, lílo 2FA túmọ̀ sí wípé o lè máa gbé ìwífún tó pọ̀ ṣọwọ́ iṣẹ́ tí ò rọ̀ ọ́ lọ́rùn."
113,"Suppose you use Twitter, and you signed up using a pseudonym.","Bí o bá ń lo Twitter, tí o sì lo orúkọ ìnagijẹ nígbà tí o forúkọsílẹ̀."
114,"Even if you carefully avoid giving Twitter your identifying information, and even if you access the service only over Tor or a VPN, if you enable SMS 2FA, Twitter will necessarily have a record of your mobile number.","Pàápàá bí o kò bá fi ìdánimọ̀ lẹ́kùnún rẹ́rẹ́ fún Twitter, àti bí o bá wọ̀ ọ́ lóríi Tor tàbí VPN, bí o bá f'ààyègba 2FA SMS, Twitter kò ní ṣaláì ní àkọsílẹ̀ ilà ẹ̀rọ-ìbánisọ̀rọ̀ọ alágbèékáà rẹ."
115,"That means that, if compelled by a court, Twitter can link your account to you via your phone number.","Èyí ni pé, bí ilé ẹjọ́ bá pa á láṣẹ, Twitter lè fi ilà ẹ̀rọ-ìbánisọ̀rọ̀ọ rẹ dá ọ mọ̀."
116,"This may not be a problem for you, especially if you already use your legal name on a given service, but if maintaining your anonymity is important, think twice about using SMS 2FA.","Èyí lè máà jẹ́ ìṣòro fún ọ, ìyẹn bí o bá lo orúkọ àbísọọ̀ rẹ lórí iṣẹ́kíṣẹ́, àmọ́ bí pípa ìdánimọ̀ọ rẹ mọ́ bá pọn dandan, ṣe àtúnrò nípa lílo 2FA SMS."
117,"Finally, research has shown that some users will choose weaker passwords after enabling 2FA, feeling that the second factor is keeping them secure.","Níparí, ìwádìí ti fi hàn wípé àwọn òǹlò kan máa ń yan ọ̀rọ̀-ìfiwọlé tí kò nípọn tó bí wọ́n bá f'ààyègba 2FA tán, pẹ̀lú èrò wípé ọ̀nà kejì yóò dáàbò bò wọ́n."
118,Make sure to still choose a strong password even after enabling 2FA.,Rí i dájú wípé o yan ọ̀rọ̀-ìfiwọlé tí ó lágbára lẹ́yìn tí o bá ti f'ààyègba 2FA.
119,See our creating strong passwords guide for tips.,Wo ìtọ́nà bí a ṣe ń ṣẹ̀dá ọ̀rọ̀-ìfiwọlée wa fún olobó.
120,How do I enable 2FA?,Báwo ni mo ṣe lè f'ààyègba 2FA?
121,"This differs from platform to platform, as does the terminology used.","Èyí yàtọ̀ láti agbègbè s'ágbègbè, bẹ́ẹ̀ náà ni ìpèlórúkọ wọ́n yàtọ̀."
122,An extensive list of sites supporting 2FA is available at https://twofactorauth.org/.,Ẹ̀kúnrẹ́rẹ́ àkàsílẹ̀ àwọn ibùdó tó l'átìlẹ́yìn fún 2FA wà ní https://twofactorauth.org/.
123,"For the most common services, you can refer to our 12 Days of 2FA post, which shows how to enable 2FA on Amazon, Bank of America, Dropbox, Facebook, Gmail and Google, LinkedIn, Outlook.com and Microsoft, PayPal, Slack, Twitter, and Yahoo Mail.","Fún àwọn iṣẹ́ tó wọ́pọ̀, o lè wo Ìtẹ̀jáde 2FA Ọlọ́jọ́ Méjìláa wa, tó ṣàpèjúwe bí o ṣe lè f'ààyègba 2FA lóríi Amazon, Ilé-Ìfowópamọ́ America, Dropbox, Facebook, Gmail ati Google, LinkedIn, Outlook.com àti Microsoft, PayPal, Slack, Twitter, àti Yahoo Mail."
124,"If you want better protection against stolen passwords, read through this list and turn on 2FA for all of the important web accounts you rely on.","Bí o bá fẹ́ ààbò tó kójú òṣùwọ̀n tí kò ní í jẹ́ kí olè lè jí ọ̀rọ̀-ìfiwọléè rẹ, ka àkàsílẹ̀ yìí kí o sì tan 2FA sílẹ̀ fún gbogbo ìṣàmúlò ibùdó-ìtàkùn-àgbáyé tí o ṣe kókó tí o gbẹ́kẹ̀lé."
125,Creating Strong Passwords Using Password Managers,Lílo Alákòóso Ọ̀rọ̀-Ìfiwọlé fún Ìṣẹ̀dá Ọ̀rọ̀-ìfiwọlé tó Lágbára
126,"Reusing passwords is an exceptionally bad security practice. If a bad actor gets ahold of a password that you've reused across multiple services, they can gain access to many of your accounts.","Àtúnùntúnlò ọ̀rọ̀-ìfiwọlé jẹ́ ọ̀nà ààbò tí kò dára. Bí òṣèré ibí bá gbá ọ̀rọ̀-ìfiwọlé tí o ti tún lò lórí ọ̀pọ̀lọpọ̀ iṣẹ́ mú, wọ́n lè r'ọ́nà wọ inú ìṣàmúlò rẹ."
127,"This is why having multiple, strong, unique passwords is so important.","Torí ìdí èyí ni ó fi dára tí ó sì pọn dandan kí a ní ọ̀pọ̀lọpọ̀ ọ̀rọ̀-ìfiwọlé tó lágbára, tó sì yàrà ọ̀tọ̀."
128,"Fortunately, a password manager can help.","Ní rere, alákòóso ọ̀rọ̀-ìfiwọlé lè ṣerànwọ́."
129,"A password manager is a tool that creates and stores passwords for you, so you can use many different passwords on different sites and services without having to memorize them.","Alákòóso ọ̀rọ̀-ìfiwọlé ni irinṣẹ́ tí í máa ń ṣẹ̀dá àti fi ọ̀rọ̀-ìfiwọlé pamọ́ fún ọ, kí o ba lè lo onírúurú ọ̀rọ̀-ìfiwọlé lóríi onírúurú ibùdó-ìtàkùn-àgbáyé láì sí wípé ó há a s'ágbárí."
130,Password managers:,Alákòóso ọ̀rọ̀-ìfiwọlé:
131,generate strong passwords that a human being would be unlikely to guess.,Máa ń ṣàgbajáde ọ̀rọ̀-ìfiwọlé tó ṣòro fún ọmọ-ènìyàn láti mọ̀.
132,store several passwords (and responses to security questions) safely.,Máa ń fi ọ̀gọ̀rọ ọ̀rọ̀-ìfiwọlé sí ìpamọ́ (àti èsì fún ìbéèrè ààbò) pẹ̀lú ààbò tó péye.
133,protect all of your passwords with a single master password(or passphrase).,dáàbò bo ọ̀rọ̀-ìfiwọléè rẹ pẹ̀lú ọ̀rọ̀-ìfiwọlé olúwa (tàbí gbólóhùn ìfiwọlé ọlọ́rọ̀ kan).
134,KeePassXC is an example of a password manager that is open-source and free.,KeePassXC ni irúfẹ́ alákòóso ọ̀rọ̀-ìfiwọlé tó jẹ́ irinṣẹ́ ìṣísílẹ̀ ọ̀fẹ́.
135,You can keep this tool on your desktop or integrate it into your web browser.,O lè tọ́júu irinṣẹ́ yìí sórí ẹ̀rọ-ayárabíàṣá àgbélétábìlì rẹ tàbí kí o fi s'ínúu aṣàwákiri ibùdó-ìtàkùn rẹ.
136,"KeePassXC does not automatically save changes you make when using it, so if it crashes after you've added some passwords, you can lose them forever.","KeePassXC kì í fi àyípadà tí o bá ṣe nígbà tí o bá lò ó pamọ́ fúnra rẹ̀, bí ó bá d'aṣẹ́ sílẹ̀ lẹ́yìn tí o ti fi ọ̀rọ̀-ìfiwọlé kún tilẹ̀, o lè pàdánùu rẹ títí láéláé."
137,You can change this in the settings.,O lè yí èyí padà nínú ààtò.
138,Wondering whether a password manager is the right tool for you?,Ò ń gbèrò bóyá alákòóso ọ̀rọ̀-ìfiwọlé ni irinṣẹ́ tó tọ́ sí ọ?
139,"If a powerful adversary like a government is targeting you, it might not be.","Bí ọ̀tá ńlá bíi ìjọba bá ń lépaà rẹ, o lè máà jẹ́ bẹ́ẹ̀."
140,using a password manager creates a single point of failure.,Lílo alákòóso ọ̀rọ̀-ìfiwọlé máa ń ṣẹ̀dáa ìkúnnà kan ṣoṣo.
141,password managers are an obvious target for adversaries.,Alákòóso ọ̀rọ̀-ìfiwọlé jẹ́ ìlépa gbangba fún ọ̀tá.
142,research suggests that many password managers have vulnerabilities.,Ìwádìí ṣíni níyè wípé ọ̀pọ̀lọpọ̀ alákòóso ọ̀rọ̀-ìfiwọlé ni ìpalára lè bá.
143,"If you’re worried about expensive digital attacks, consider something more low-tech.","Bí ọkàn-an rẹ kò bá balẹ̀ lórí ìdojúkọ orí ẹ̀rọ ayárabíàṣá olówó iyebíye, o lè lo èyí tí kò gba wàhálà púpọ̀."
144,"You can create strong passwords manually (see “Creating strong passwords using dice” below), write them down, and keep them somewhere safe on your person.","O lè ṣẹ̀dá ọ̀rọ̀-ìfiwọlé àfọwọ́ṣe (wo ""bí a ṣe ń lo dice fún ìṣẹ̀dá ọ̀rọ̀-ìfiwọlé alágbára"" nísàlẹ̀) kọ ọ́ sílẹ̀, kí o tọ́júu rẹ̀ síbi tó l'áàbò."
145,"Wait, aren’t we supposed to keep passwords in our heads and never write them down?","Dúró, ṣe àgbárí kọ́ ni ó yẹ kí a há ọ̀rọ̀-ìfiwọlé sí àti kí a máa kọ ọ́ sílẹ̀ rárá?"
146,"Actually, writing them down, and keeping them somewhere like your wallet, is useful so you’ll at least know if your written passwords go missing or get stolen.","Lóòótọ́, kò burú bí a bá kọ ọ́ sílẹ̀, kí a sì fi pamọ́ síbìkan bí àsùnwọ̀n ìkówósí àfisápò rẹ, èyí yóò ta ọ́ jí b'ọ́rọ̀-ìfiwọlé tí o kọ sílẹ̀ bá di àwátì tàbí bí wọ́n bá jí i."
147,Creating Strong Passwords Using Dice,Bí a ṣe ń lo dice fi ṣẹ̀dá ọ̀rọ̀-ìfiwọlé alágbára
148,There are a few passwords that you should memorize and that need to be particularly strong.,Ó ní àwọn ọ̀rọ̀-ìfiwọlé alágbára tí ó yẹ kí o há s'ágbárí.
149,These include:,Àwọn ni:
150,passwords for your device,Ọ̀rọ̀-ìfiwọlé fún ẹ̀rọọ̀ rẹ
151,passwords for encryption (like full-disk encryption),Ọ̀rọ̀-ìfiwọlé fún ìyí-dátà-padà-sí-odù-ààbò (bíi ìyí-dátà-padà-sí-odù-ààbò díìskì kíkún)
152,"the master password, or “passphrase,” for your password manager","Ọ̀rọ̀-ìfiwọlé olúwa, tàbí gbólóhùn ìfiwọlé ọlọ́rọ̀ kan, fún alákòóso ọ̀rọ̀-ìfiwọléè rẹ"
153,your email password,Ọ̀rọ̀-ìfiwọlé ímeèlì rẹ.
154,"One of many difficulties when people choose passwords themselves is that people aren't very good at making random, unpredictable choices.",Ìṣòro kan tí àwọn èèyàn bá ń yan ọ̀rọ̀-ìfiwọlé fúnra wọn ni pé àwọn èèyàn kò mọ̀ bí a ṣe ń ṣe àṣàyàn láìròtẹ́lẹ̀ àti aláìsọtẹ́lẹ̀.
155,An effective way of creating a strong and memorable password is to use dice and a word list to randomly choose words.,Ọ̀nà ìṣẹ̀dá ọ̀rọ̀-ìfiwọlé tó lágbára tí ó sì ṣe é rántí jù ni bí a bá lo dice àti àkàsílẹ̀ ọ̀rọ̀ láti yan ọ̀rọ̀ láìròtẹ́lẹ̀.
156,"Together, these words form your ""passphrase.""","Lápapọ̀, àwọn ọ̀rọ̀ wọ̀nyí ni ""gbólóhùn ìfiwọlé ọlọ́rọ̀ kan."""
157,"A ""passphrase"" is a type of password that is longer for added security.",Gbólóhùn ìfiwọlé ọlọ́rọ̀ kan ni irúfẹ́ ọ̀rọ̀-ìfiwọlé aláàbò tó máa ń gùn.
158,"For disk encryption and your password manager, we recommend selecting a minimum of six words.","Fún ìyí-dátà-padà-sí-odù-ààbò díìskì àti alákòóso ọ̀rọ̀-ìfiwọléè rẹ, ó kéré jù, yan ọ̀rọ̀ mẹ́fà."
159,Why use a minimum of six words?,Kí ni ṣe tí ó fi yẹ kí o lo ọ̀rọ̀ mẹ́fà?
160,Why use dice to pick words in a phrase randomly?,Kí ní dé tí ó fi yẹ kí o fi dice ṣe ìṣàjọ ọ̀rọ̀ onígbólóhùn kan láìròtẹ́lẹ̀?
161,"The longer and more random the password, the harder it is for both computers and humans to guess.","Bí ọ̀rọ̀-ìfiwọlé bá ṣe gùn àti bí ó ṣe jẹ́ àṣàyàn láìròtẹ́lẹ̀, bẹ́ẹ̀ni yóò ṣe le fún ẹ̀rọ ayárabíàṣáà àti ènìyàn láti rò."
162,here’s a video explainer.,fídíò alálàyé kan rè é.
163,Try making a passphrase using one of EFF's word lists.,Gbìyànjú kí o lo àṣàkalẹ̀ ọ̀rọ̀ EFF láti ṣe gbólóhùn ìfiwọlé ọlọ́rọ̀ kan.
164,"If your computer or device gets compromised and spyware is installed, the spyware can watch you type your master password and could steal the contents of the password manager.","Bí adojúkọ bá dojúkọ ẹ̀rọ ayárabíàṣáà rẹ tàbí ẹ̀rọọ̀ rẹ, tí iṣẹ́-àìrídìmú alamí wà lóríi rẹ̀, iṣẹ́-àìrídìmú alamí lè máa wò ọ́ bí o bá ń tẹ ọ̀rọ̀-ìfiwọlé olúwaà rẹ."
165,So it's still very important to keep your computer and other devices clean of malware when using a password manager.,"Torí náà ó pọn dandan kí ẹ̀rọ ayárabíàṣáà rẹ àti ẹ̀rọọ̀ rẹ ó wà ní mímọ, kí o máà sí iṣẹ́-àìrídìmú àìdára bí o bá ń lo alákòóso ọ̀rọ̀-ìfiwọlé."
166,A Word About “Security Questions”,"Ọ̀rọ̀ nípa ""ìbéèrè ààbò"""
167,Beware of the “security questions” that websites use to confirm your identity.,"Kíyèsára fún ""ìbéèrè ààbò"" tí ibùdó-ìtàkùn-àgbáyé ń lò fi ṣe ìfẹsẹ̀múlẹ̀ ìdánimọ̀ọ rẹ."
168,Honest answers to these questions are often publicly discoverable facts that a determined adversary can easily find and use to bypass your password entirely.,Ìdáhùn òdodo sí ìbéèrè wọ̀nyí máa ń wà ní àrọ́wọ́tóo gbogboògbò tí yóò sì gbé ẹ̀rí tí ọ̀tá lè lò fi fo ọ̀rọ̀-ìfiwọléè rẹ kọjá yányán.
169,"Instead, give fictional answers that no one knows but you.","Kàkà bẹ́ẹ̀, fi ìdáhùn tí kì í ṣe òdodo pọ́nbélé tí ẹnìkan yàtọ̀ sí ìwọ kò mọ̀ sílẹ̀."
170,"For example, if the security question asks:","Fún àpẹẹrẹ, bí ìbéèrè ààbò bá ní:"
171,“What was the name of your first pet?”,Kí ni orúkọ ẹranko ilé tí o fẹ́ràn àkọ́kọ́ọ̀ rẹ?
172,Your answer could be a random password generated from your password manager.,Ìdáhùn rẹ lè jẹ́ ọ̀rọ̀-ìfiwọlé aláìròtẹ́lẹ̀ tí alákòóso ọ̀rọ̀-ìfiwọléè rẹ gbàjáde.
173,You can store these fictional answers in your password manager.,O lè fi ìdáhùn àìṣòdodo pọ́nbélé wọ̀nyí s'ínúu alákòóso ọ̀rọ̀-ìfiwọléè rẹ.
174,Think of sites where you’ve used security questions and consider changing your responses.,Ronú nípa ibùdó-ìtàkùn tí o ti lo ìbéèrè ààbò rí kí o sì gbèrò nípa ìyípadà èsì rẹ.
175,Do not use the same passwords or security question answers for multiple accounts on different websites or services.,Máà lo ọ̀rọ̀-ìfiwọlé tàbí ìbéèrè ààbò kan náà fún gbogbo ìṣàmúlò fún gbogbo ibùdó-ìtàkùn-àgbáyéè tàbí iṣẹ́.
176,Syncing Your Passwords Across Multiple Devices,Ìmúṣiṣẹ́pọ̀ ọ̀rọ̀-ìfiwọléè rẹ lóríi ẹ̀rọ gbogbo
177,Many password managers allow you to access your passwords across devices through a password-synchronizing feature.,Ọ̀pọ̀ alákòóso ọ̀rọ̀-ìfiwọlé ń fi ààyè gba ọ̀rọ̀-ìfiwọléè rẹ lórí gbogbo ẹ̀rọ - nípa àmúṣiṣẹ́pọ̀.
178,"This means when you sync your password file on one device, it will update it on all of your devices.","Èyí ni pé bí o bá mu ọ̀rọ̀-ìfiwọléè rẹ ṣiṣẹ́ pọ̀ lórí ẹ̀rọ kan, yóò ṣàfikún lórí ẹ̀rọ ìyókù"
179,"Password managers can store your passwords “in the cloud,” meaning encrypted on a remote server.","Alákòóso ọ̀rọ̀-ìfiwọlé lè fi ọ̀rọ̀-ìfiwọléè rẹ pamọ́ ""s'ínúu kùkukùru,"" tí ó túmọ̀ sí wípé a ti yí dátà rẹ̀ padà sí odù ààbò sínú apèsè àrọ́wọ́tó."
180,"When you need your passwords, these managers will retrieve and decryptthe passwords for you automatically","Bí o bá nílòo ọ̀rọ̀-ìfiwọléè rẹ, alákòóso ọ̀rọ̀-ìfiwọlé wọ̀nyí yóò ṣe àgbàjáde ọ̀rọ̀-ìfiwọlé, yóò sì tú ọ̀rọ̀-ìfiwọlé tí a ti yí padà sí odù ààbò fúnra rẹ̀."
181,"Password managers that use their own servers to store or help synchronize your passwords are more convenient, but are slightly more vulnerable to attacks.","Alákòóso ọ̀rọ̀-ìfiwọlé tí ń fi apèsèe tirẹ̀ ṣe ìpamọ́ tàbí ìrànwọ́ àmúṣiṣẹ́pọ̀ ọ̀rọ̀-ìfiwọléè rẹ rọrùn bíi kàásínǹkan, ṣùgbọ́n ìpalára ìdojúkọ lè bá wọn."
182,"If your passwords are stored both on your computer and in the cloud, an attacker does not need to take over your computer to find out your passwords.","Bí o bá fi ọ̀rọ̀-ìfiwọléè rẹ pamọ́ sí orí ẹ̀rọ ayárabíàṣá àti s'ínúu kùkukùru, adojúkọni kò ní í lo ẹ̀rọ ayárabíàṣáà rẹ láti mọ ọ̀rọ̀-ìfiwọléè rẹ."
183,(They will need to break your password manager’s passphrase though.),(Wọ́n ní láti fọ́ gbólóhùn ìfiwọlé ọlọ́rọ̀ kan ti alákòóso ọ̀rọ̀-ìfiwọléè rẹ.)
184,"If this is concerning, don't sync your passwords to the cloud and instead opt to store them on just your devices.","Bí èyí bá kàn ọ́ gbọ̀ngbọ̀n, máà mú ọ̀rọ̀-ìfiwọléè rẹ ṣiṣẹ́ pọ̀ s'ínúu kùkukùru, kàkà bẹ́ẹ̀ fi wọ́n pamọ́ sórí ẹ̀rọọ̀ rẹ."
185,Keep a backup of your password database just in case.,Tọ́júu ìkópamọ̀ ilée dátà ọ̀rọ̀-ìfiwọléè rẹ torí aìíṣeémọ̀.
186,"Having a backup is useful if you lose your password database in a crash, or if your device is taken away from you.","Àkópamọ́ wúlò bí o bá pàdánù ilé dátà ọ̀rọ̀-ìfiwọléè rẹ látàrí ìdaṣẹ́sílẹ̀, tàbí tí ẹ̀rọọ̀ rẹ bá di jíjí."
187,"Password managers usually have a way to make a backup file, or you can use your regular backup program.","Alákòóso ọ̀rọ̀-ìfiwọlé sábà máa ń ní ọ̀nà láti ṣe àkópamọ́ fáìlì, tàbí kí o lo iṣẹ́ àkópamọ́ tó wọ́pọ̀."
188,Multi-Factor Authentication and One-Time Passwords,Ìfẹ̀rílàdí Ọlọ́nà púpọ̀ àti ọ̀rọ̀-ìfiwọlé ẹ̀rìnkan.
189,"Strong, unique passwords make it much harder for bad actors to access your accounts to further protect your accounts, enable two-factor authentication","Ọ̀rọ̀-ìfiwọlé alágbára, aláràọ̀tọ̀ kì í mú u rọrùn fún òṣèré ibi láti r'áàyè wọ ìṣàmúlò rẹ fún ìfẹ̀rílàdí ọlọ́nà méjì."
190,"Some services offer two-factor authentication (also called 2FA, multi-factor authentication, or two-step verification), which requires users to possess two components (a password and a second factor) to gain access to their account.","Àwọn iṣẹ́ kan a máa fún ni ìfẹ̀rílàdí ọlọ́nà méjì (tí a tún ń pè ní 2FA, ìfẹ̀rílàdí ọlọ́nà púpọ̀ tàbí ìfẹ̀rílàdí ìgbésẹ̀ méjì), tí òǹlò gbọdọ̀ lo ohun méjì (ọ̀rọ̀-ìfiwọlé àti ọ̀nà mìíràn) láti r'áàyè wọ ìṣàmúlò wọn."
191,The second factor could be a one-off secret code or a number generated by a program running on a mobile device.,Ọ̀nà kejì lè jẹ́ odù alálòlẹ́ẹ̀kan tàbí òǹkà tí ẹ̀rọ alágbèéká gbàjáde.
192,Two-factor authentication using a mobile phone can be done in one of two ways:,Ọ̀nà méjì ni a lè fi ṣe ìfẹ̀rílàdí ọlọ́nà méjì lórí ẹ̀rọ-ìbánisọ̀rọ̀ alágbèéká:
193,your phone can run an authenticator application that generates security codes (such as Google Authenticator or Authy) or you can use a stand-alone hardware device (such as a YubiKey); or,Ẹ̀rọ-ìbánisọ̀rọ̀ọ rẹ lè ṣiṣẹ́ ìfẹ̀rílàdí láti ṣe àgbájáde odù ààbò (gẹ́gẹ́ bíi Afẹ̀rílàdí Google tàbí Authy) tàbí kí o lo ẹ̀rọ iṣẹ́ àìrídìmú àládàádúró (gẹ́gẹ́ bíi YubiKey); tàbí
194,the service can send you an SMS text message with an extra security code that you need to type in whenever you log in.,Iṣẹ́ náà lè fi àtẹ̀jíṣẹ́ SMS pẹ̀lú àfilé odù ààbò tí ó ní láti tẹ̀ nígbàkúùgbà tí o bá fẹ́ wọlé.
195,"If you have a choice, pick the authenticator application or stand-alone hardware device instead of receiving codes by text message.","Kàkà kí o gba àfilé odù ààbò, o lè yan iṣẹ́ ìfẹ̀rílàdí tàbí ẹ̀rọ iṣẹ́-àìrídìmú àládàádúró."
196,It’s easier for an attacker to redirect these codes to their own phone than it is to bypass the authenticator.,Ó rọrùn fún adojúkọni láti ṣ'àtúndarí odù wọ̀nyí sórí ẹ̀rọ-ìbánisọ̀rọ̀ọ ti wọn ju ìdákọjá afẹ̀rílàdí lọ.
197,"Some services, such as Google, also allow you to generate a list of one-time passwords, also called single-use passwords.","Àwọn iṣẹ́ kan, gẹ́gẹ́ bíi Google, náà máa ń f'ààyè gbà ọ́ láti ṣ'àgbàjáde àkàsílẹ̀ ọ̀rọ̀-ìfiwọlé ẹ̀rìnkan ṣoṣo, tí a tún ń pè ní ọ̀rọ̀-ìfiwọlé alálòlẹ́ẹ̀kan."
198,These are meant to be printed or written down on paper and carried with you.,Ó yẹ kí a tẹ̀ ẹ́ sórí ìwé tàbí kọ ọ́ sílẹ̀ kí a máa gbé e kiri.
199,"Each of these passwords works only once, so if one is stolen by spyware when you enter it, the thief won't be able to use it for anything in the future.","Ẹ̀ẹ̀kan ṣoṣo ni ọ̀kọ̀ọ̀kan ọ̀rọ̀-ìfiwọlé wọ̀nyí ń ṣiṣẹ́, torí náà bí iṣẹ́-àìrídìmú alamí bá jí ọkàn, olè náà kò ní le è lò ó fún ohunkóhun lọ́jọ́ iwájú."
200,"If you or your organization run your own communications infrastructure, there's free software available that can be used to enable two-factor authentication for accessing your systems.","Bí ìwọ tàbí ilé-iṣẹ́ẹ̀ rẹ bá ní irinṣẹ́ ìtàkùrọ̀sọ tirẹ̀, iṣẹ́-àìrídìmú ọ̀fẹ́ wà lárọ̀ọ́wọ́tó tí ó ṣe é lò láti f'ààyègba ìfẹ̀rílàdí ọlọ́nà méjì láti r'áàyè wọ ẹ̀rọọ̀ rẹ."
201,Look for software offering implementations of the open standard “Time-Based One-Time Passwords” or RFC 6238.,"Wá iṣẹ́-àìrídìmú tí ó jẹ́ ti ìṣísílẹ̀ ""Ọ̀rọ̀-ìfiwọlé Ẹ̀̀rìnkan ṣoṣo Adálórí Àkókò"" tàbí RFC 6238."
202,"Sometimes, You Will Need to Disclose Your Password","Nígbà mìíràn, O ní láti sọ Ọ̀rọ̀-ìfiwọléè rẹ"
203,Laws about revealing passwords differ from place to place.,Òfin nípa sísọ ọ̀rọ̀-ìfiwọlé yàtọ̀ láti ibìkan dé òmíràn.
204,"In some jurisdictions you may be able to legally challenge a demand for your password while in others, local laws allow the government to demand disclosure — and even imprison you on the suspicion that you may know a password or key","Nígbà mìíràn o lè kọ̀ jálẹ̀ kí o máà fún ẹnikẹ́ni ní ọ̀rọ̀-ìfiwọléè rẹ, níbo mìíràn ẹ̀wẹ̀wẹ̀ òfín ìbílẹ̀ f'ààyè gba ìjọba láti béèrè fún ọ̀rọ̀-ìfiwọlé ẹnikẹ́ni - àti pàápàá fi ọ́ sí àtìmọ́lé bí o bá jẹ́ afurasí tí ó mọ ọ̀rọ̀-ìfiwọlé tàbí kọ́kọ́rọ́ kan."
205,Threats of physical harm can be used to force someone to give up their password.,A lè lo ìdẹ́rùbà ìpalára ojúkorojú láti fi gba ọ̀rọ̀-ìfiwọlé lọ́wọ́ èèyàn.
206,"Or you may find yourself in a situation, such as travelling across a border, where the authorities can delay you or seize your devices if you refuse to give up a password or unlock your device.","Tàbí kí o bá araà rẹ nínú ìṣẹ̀lẹ̀ kan, bíi rírin ìrìn àjò s'ódìkejì ìlú, níbi tí àwọn aláṣẹ lè ti dá ọ dúró tàbí gba ẹ̀rọọ̀ rẹ bí o bá kọ̀ láti fún wọn ní ọ̀rọ̀-ìfiwọlé tàbí ṣí ẹ̀rọọ̀ rẹ."
207,How to: Circumvent Online Censorship,Bí a ṣe ń: fo ìtẹríbọlẹ̀ Ayélujára dá
208,"This is a short overview to circumventing online censorship, but is by no means comprehensive.","Èyí ni àkótán kúkúrú nípa ìfòdá ìtẹríbọlẹ̀ orí ayélujára, ṣùgbọ́n kì í ṣe ẹ̀kúnrẹ́rẹ́."
209,"Governments, companies, schools, and Internet providers sometimes use software to prevent their users from accessing certain websites and services.","Ìjọba, ilé-iṣẹ́, ilé-ìwé, àti apèsèe ẹ̀rọ-àìrídìmú tí yóò dí òǹlò lọ́wọ́ kí wọ́n ba máà rí ààyè wọ àwọn ibùdó-ìtàkùn kan."
210,"This is called Internet filtering or blocking, and it is a form of censorship.","Èyí ni a pè ní ìsẹ́ ẹ̀rọ-ayélujára tàbí ìdígàgá, tí í ṣe irúfẹ́ ìtẹríbọlẹ̀ kan."
211,"Filtering comes in different forms. Censors can block individual web pages, or even entire websites.",Atẹríbọlẹ̀ẹ́ lè dígàgá ojú ìwé ìtàkùn-àgbáyé kan ṣoṣo tàbí gbogbo ibùdó-ìtàkùn-àgbáyé pọ̀.
212,"Sometimes, content is blocked based on the keywords it contains.","Nígbà mìíì, ohuninú ojú ìwé orí ayélujára ní í máa ń fa ìdígàgá"
213,There are different ways of beating Internet censorship.,Onírúurú ọ̀nà ni a fi lè fo ìtẹríbọlẹ̀ orí ayélujára dá.
214,"Some protect you from surveillance, but many do not.","Àwọn kan ń fi ààbò ìṣọ́ni bò ọ́, ṣùgbọ́n ọ̀pọ̀ ò ṣe bẹ́ẹ̀."
215,"When someone who controls your net connection filters or blocks a site, you can almost always use a circumvention tool to get to the information you need.","Bí alákòóso ìṣàsopọ̀ ayélujáraà rẹ bá ṣẹ́ tàbí dígàgá ibùdó kan, o lè lo irinṣẹ́ ìfòdá tí yóò mú ọ rí ìwífún tí o nílò."
216,Note: Circumvention tools that promise privacy or security are not always private or secure.,Fiyèsíi: irinṣẹ́ ìfòdá aṣèlérí ààbò tàbí ibi-ìkọ̀kọ̀ kì í sábà í ṣe ti ìkọ̀kọ̀ tàbí ní ààbò.
217,And tools that use terms like “anonymizer” do not always keeps your identity completely secret.,"Irinṣẹ́ tó ń lo gbólóhùn bíi ""anonymizer"" kì í sábà pa ìdánimọ̀ọ rẹ mọ́ fínnífínní."
218,The circumvention tool that is best for you depends on your threat model.,Irinṣẹ́ ìfòdá tó dára jù fún ọ dá lóríi àwòṣe ìdẹ́rùbà rẹ.
219,"If you’re not sure what your threat model is, start here.","Bí àwòṣe ìdẹ́rùbà rẹ ò bá dá ọ lójú ṣáká tó, bẹ̀rẹ̀ níhìn-ín."
220,"In this article, we'll talk about four ways to circumvent censorship:","Nínú àpilẹ̀kọ yìí, a máa sọ̀rọ̀ nípa ọ̀nà mẹ́rin tí a lè gbà fo ìtẹríbọlẹ̀ orí ayélujára dá."
221,Visiting a web proxy to access a blocked website.,Bíbẹ aṣojú ìtàkùn wò láti wọ ibùdó-ìtàkùn tí a ti dígàgáa rẹ̀.
222,Visiting an encrypted web proxy to access a blocked website.,Bíbẹ aṣojú ìtàkùn tí a ti yí dátà rẹ̀ padà sí odù ààbò láti wọ ibùdó-ìtàkùn tí a ti dígàgáa rẹ̀.
223,Using a Virtual Private Network (VPN) to access blocked websites or services.,Lílo Ìṣàsopọ̀ Àìrí Ìkọ̀kọ̀ (VPN) láti wọ ibùdó-ìtàkùn tàbí iṣẹ́.
224,Using the Tor Browser to access a blocked website or protect your identity.,Lílo aṣàwákiri Tor láti wọ ibùdó-ìtàkùn tí a ti dígàgáa rẹ̀ tàbí dáàbò bo ìdánimọ̀ọ rẹ.
225,Basic techniques,Àwọn ìpìlẹ̀ ìmọ̀
226,Circumvention tools usually work by diverting your web traffic so it avoids the machines that do the blocking or filtering.,Iṣẹ́ tí irinṣẹ́ ìfòdá sábà máa ń ṣe ni dídaríi dátà tó ń gba orí ìtàkùn rẹ kí o ba yẹ ẹ̀rọ tó ń ṣe ìdígàgá tàbí ìsẹ́ kúrò.
227,A service that redirects your Internet connection past these blocks is sometimes called a proxy.,Iṣẹ́ tí í ṣe àtúndaríi ìṣàsopọ̀ ayélujára fo ìdígàgá kọjá là ń pè ní aṣojú ń'gbà mìíì.
228,HTTPS is the secure version of the HTTP protocol you use to access websites.,HTTPS ni ẹ̀dà ààbò fún ìfẹ́nukò HTTP tí ò ń lò fi wọ ibùdó-ìtàkùn-àgbáyé.
229,Sometimes a censor will only block the insecure (HTTP) version of a site.,Nígbà mìíràn Atẹríbọlẹ̀ẹ́ lè dígàgá ẹ̀dà ibùdó àìláàbò (HTTP)
230,That means you can access the blocked site simply by entering the version of the web address that starts with HTTPS.,Ìyẹn ni pé o lè wọ ibùdó tí a dígàgá náà bí o bá tẹ ẹ̀dà àdírẹ́ẹ̀sì ibùdóò rẹ tó bẹ̀rẹ̀ pẹ̀lú HTTPS.
231,"HTTPS stops censors from reading your web traffic, so they cannot tell what keywords are being sent, or which individual web page you are visiting.","HTTPS máa ń dá atẹríbọlẹ̀ dúró láti máà le è ka dátà tó ń gba oríi ìtàkùn rẹ, torí náà wọn kò le è sọ ọ̀rọ̀-aṣínà tí a fi ránṣẹ́, tàbí orí ojú ìwé ìtàkùn-àgbáyé tí ò ń bẹ̀wò."
232,Censors can still see the domain names of all websites you visit.,Atẹríbọlẹ̀ ṣì lè rí orúkọ agbègbè ìkápáa gbogbo ibùdó-ìtàkùn-àgbáyé tí o bá lọ.
233,"So, for example, if you visit “eff.org/https-everywhere” censors can see that you are on “eff.org” but not that you are on the “https-everywhere” page.","ún àpẹẹrẹ, bí o bẹ ""eff.org/https-everywhere"" wò atẹríbọlẹ̀ lè rí i wípé o wà lóríi ""eff.org"", ṣùgbọ́n kì í ṣe pé o wà lóríi ojú ìwée ""https-everywhere.”"
234,"If you suspect this type of simple blocking, try entering https:// before the domain in place of http:","Tí o bá ní ìfura irúfẹ́ ìdígàgá àìle báyìí, gbìyànjú kí o tẹ https:// síwájú agbègbè ìkápá dípò http:"
235,Try installing EFF’s HTTPS Everywhere extension to automatically turn on HTTPS where possible.,Gbìyànjú kí o gbé alátànkáa EFF ibi-gbogbo tí yóò fúnra rẹ̀ tan HTTPS níbi tó bá yẹ sórí ẹ̀rọọ̀ rẹ.
236,Another way that you may be able to circumvent basic censorship techniques is by trying an alternate domain name or URL.,Ọ̀nà mìíràn tí o lè gbà fi fo ìtẹríbọlẹ̀ dá ni bí o bá lo orúkọ agbègbè-ìkápá mìíràn tàbí URL.
237,"For example, instead of visiting http://twitter.com, you might try the mobile version of the site at http://m.twitter.com.","Fún àpẹẹrẹ, kàkà kí o bẹ http://twitter.com wò, o lè gbìdánwò láti ṣí ibùdó náà lóríi ẹ̀dà ti ẹ̀rọ-ìbánisọ̀rọ̀ọ alágbèéká ní http://m.twitter.com."
238,"Censors that block websites or web pages work from a blacklist of banned websites, so anything that is not on that blacklist will get through.","Atẹríbọlẹ̀ tó dígàgá ibùdó-ìtàkùn-àgbáyé tàbí ojú ìwé ìtàkùn-àgbáyé ń fi àkàsílẹ̀ ibùdó-ìtàkùn-àgbáyé àìdára tí a ti gbẹ́sẹ̀ òfin lé ṣiṣẹ́, torí náà ohunkóhun tí kò bá sí lórí àkàsílẹ̀ àìdára yẹn yóò la ìtẹríbọlẹ̀ kọjá."
239,They might not know of all different versions of a particular website's name—especially if the administrators of the site know it is blocked and register more than one domain.,Wọ́n lè máà mọ gbogbo onírúurú ẹ̀dà orúkọ ibùdó-ìtàkùn-àgbáyé ní pàtó - ju gbogbo rẹ̀ lọ bí alákòóso ibùdó bá mọ̀ wípé a ti dígàgáa rẹ̀ àti pé a orúkọ agbègbè ìkápá tí a fi sílẹ̀ ju ọ̀kan lọ.
240,Web-based proxies,Aṣojú orí ìtàkùn-àgbáyé
241,A web-based proxy (such as http://proxy.org/) is a website that lets its users access other blocked or censored websites.,Aṣojú orí ìtàkùn-àgbáyé (gẹ́gẹ́ bíi http://proxy.org/) jẹ́ ibùdó-ìtàkùn-àgbáyé tí ń f'ààyè gba òǹlò láti wọ ibùdó tí a dígàgáa rẹ̀ tàbí tẹríi rẹ̀ bọlẹ̀.
242,It is therefore a good way to circumvent censorship.,Ọ̀nà tó dára láti fo ìtẹríbọlẹ̀ dá lèyí.
243,"In order to use a web-based proxy, visit the proxy and enter the web address that you want to see; the proxy will then display the web page you asked for.","Láti lo aṣojú orí ìtàkùn-àgbáyé, bẹ aṣojú náà wò kí o tẹ àdírẹ́ẹ̀sì ibùdó-ìtàkùn tí o fẹ́ rí sí i; aṣojú yìí yóò fi ojúùwé ibùdó-ìtàkùn tí o béèrè fún hàn ọ́."
244,"However, web-based proxies don’t provide any security and will be a poor choice if your threat model includes someone monitoring your internet connection.","Bótiwùkíórí, aṣojú orí ibùdó-ìtàkùn-àgbáyé kì í pèsèe ààbò kankan àti pé kò ní ṣ'ẹnuure bí àṣàyàn àwòṣe ìdẹ́rùbà rẹ bá ní aṣọ́ní tí ń ṣọ́ ìṣàsopọ̀ rẹ."
245,They will not help you to use blocked services such as your instant messaging apps.,Wọn kò ní ràn ọ́ lọ́wọ́ láti lo iṣẹ́ tí a ti dígàgá gẹ́gẹ́ bíi áàpù iṣẹ́-ìjẹ́ oníwàràǹṣesà rẹ.
246,"The web-based proxy will have a complete record of everything you do online, which can be a privacy risk for some users depending on their threat model","Aṣojú orí ibùdó-ìtàkùn-àgbáyé máa ní àkọsílẹ̀ ohun gbogbo tí ò ń ṣe lórí ayélujára, tí ó lè jẹ́ ewu ìdáààbòbò fún òǹlò mìíràn lórí àwòṣe ìdẹ́rùbà wọn."
247,Encrypted proxies,Aṣojú tí dátà rẹ̀ ti yí padà sí odù ààbò
248,Numerous proxy tools utilize encryption to provide an additional layer of security on top of the ability to bypass filtering.,Ọ̀kẹ́ àìmọye irinṣẹ́ aṣojú tó ń lo ìyí-dátà-padà-sódù-ààbò láti pèsè ìpele ìròpọ̀ ààbò lórí agbára ìdákọjá ìsẹ́.
249,The connection is encrypted so others cannot see what you are visiting.,Ìṣàsopọ̀ náà ti yìí dátà padà sí odù ààbò kí ẹlòmíràn ó máà ba à lè rí ibi tí ò ń bẹ̀wò.
250,"While encrypted proxies are generally more secure than plain web-based proxies, the tool provider may have information about you.","Nígbà tí aṣojú tí dátà rẹ̀ ti yí padà sí odù ààbò l'áàbò tó péye ju aṣojú orí ìtàkùn-àgbáyé lọ, apèsè irinṣẹ́ náà lè rí ìwífún nípaà rẹ."
251,"They might have your name and email address in their records, for instance.","Fún àpẹẹrẹ, wọ́n lè ní orúkọ àti àdírẹ́ẹ̀sì ímeèlì rẹ lákọsílẹ̀."
252,That means that these tools do not provide full anonymity.,Ìyẹ́n túmọ̀ sí wípé irinṣẹ́ wọ̀nwọ̀nyí kì í pèsèe àìlórúkọ dójú àlà.
253,The simplest form of an encrypted web proxy is one that starts with “https”— this will use the encryption usually provided by secure websites.,Aṣojú ìtàkùn-àgbáyé tí dátà rẹ̀ ti yí padà sí odù ààbò tó rọrùn jù ni “https” - èyí yóò lo ìyí-dátà-padà-sódù-ààbò tí ibùdó-ìtàkùn-àgbáyé tó l'áàbò pèsè.
254,"However, be cautious—the owners of these proxies can see the data you send to and from other secure websites.","Síbẹ̀, ṣọ́ra - àwọn to ni aṣojú wọ̀nyí lè rí dátà tí o fi ránṣẹ́ sí àti bọ̀ wá láti ibùdó-ìtàkùn-àgbáyé ààbò mìíràn."
255,Ultrasurf and Psiphon are examples of these tools.,UltraSurf àti Psiphon jẹ́ àpẹẹrẹ irinṣẹ́ báwọ̀nyí.
256,Virtual Private Networks,Ìṣàsopọ̀ Àìrí Ìkọ̀kọ̀
257,A Virtual Private Network (VPN) encrypts and sends all Internet data from your computer through another computer.,"Ìṣàsopọ̀ Àìrí Ìkọ̀kọ̀ (VPN) máa ń yí dátà padà sí odù ààbò, yóò sì fi gbogbo dátà ránṣẹ́ láti orí ẹ̀rọ-ayélujáraà rẹ sóríi ẹ̀rọ ayárabíàṣá mìíràn."
258,"This computer could belong to a commercial or nonprofit VPN service, your company, or a trusted contact.","Ẹ̀rọ ayárabíàṣá yìí lè jẹ́ ti iléeṣẹ́ ìṣòwò kan tàbí ilé-iṣẹ́ àìjèèrè apèsèe VPN, ilé iṣẹ́ẹ̀ rẹ, tàbí ẹni mímọ̀."
259,"Once a VPN service is correctly configured, you can use it to access webpages, e-mail, instant messaging, VoIP, and any other Internet service.","Ní kété tí iṣẹ́ẹ VPN bá ti wà, o lè lò ó fi wọ ojú ìwé ìtàkùn-àgbáyé, ímeelì, iṣẹ́-ìjẹ́ oníwàràǹṣesà VoIP, àti iṣẹ́ orí ẹ̀rọ ayélujára tó kù."
260,"A VPN protects your traffic from being spied on locally, but your VPN provider can still keep logs of the websites you access, or even let a third party snoop directly on your web browsing.","VPN máa ń dáàbò bo ìwífún tó ń kọjá lórí ayélujára kí àwọn alamí má ba à rí i lágbègbè kan, ṣùgbọ́n apèsèe VPN rẹ ṣì lè ṣe àkọsílẹ̀ ibùdó-ìtàkùn-àgbáyé tí o wọ, tàbí jẹ́ kí ẹnìkẹ́ta yọ́ kẹ́lẹ́ wọ inúu aṣàwáríkiri ayélujáraà rẹ."
261,"Depending on your threat model, the possibility of a government listening in on your VPN connection or getting hold of VPN logs may be a significant risk.","Ó dá lóríi àwòṣe ìdẹ́rùbà rẹ, o ṣe é ṣe kí ìjọba ó máa fẹtíkọ́ ìṣàsopọ̀ VPN rẹ tàbí gbígbá àkọsílẹ̀ VPN rẹ mú lè di ewu ńlá."
262,"For some users, this could outweigh the short-term benefits of using a VPN.","Fún òǹlò mìíràn, èyí lè lágbára jù f'áǹfààní tó wà nínú lílo VPN fún ìgbà díẹ̀."
263,"For information about specific VPN services, click here.","Fún àlàyé nípa àwọn iṣẹ́ VPN ní pàtó, ṣíra tẹ ibí."
264,We at EFF cannot vouch for this rating of VPNs.,Ní EFF a kò le è jẹ́rìí sí VPN wọ̀nyí.
265,Some VPNs with exemplary privacy policies could be run by devious people.,VPN mìíràn tí ó ní ìlànà ààbò tó yàrá ọ̀tọ̀ lè jẹ́ ti ọ̀daràn.
266,Do not use a VPN that you do not trust.,O kò gbọdọ̀ lo VPN tí o kò fi ọkàn tàn.
267,Tor is open-source software designed to give you anonymity on the web.,Tor jẹ́ iṣẹ́-àìrídìmú orísun-ìṣísílẹ̀ tí a ṣe kí ìdánimọ̀ọ rẹ ó ba wà nípamọ́ lórí ìtàkùn àgbáyé.
268,Tor Browser is a web browser built on top of the Tor anonymity network.,Aṣàwáríkiri ìtàkùn-àgbáyé ni aṣàwáríkiri Tor tí a kọ́ sóríi ìṣàsopọ̀ àìlórúkọ òǹlò Tor.
269,"Because of how Tor routes your web browsing traffic, it also allows you to circumvent censorship.","Nítorí bí Tor ṣe ń gbé dátà ká lórí aṣàwáríkiri ibùdó-ìtàkùn rẹ, ó gbà ọ́ láàyè láti fo ìtẹríbọlẹ̀ dá."
270,"(See our How to: Use Tor guides for Linux, macOS and Windows).","(Wo bí a ṣe ń: lo ìtọ́nà Tor fún Linux, macOS àti Windows)"
271,"When you first start the Tor Browser, you can choose an option specifying that you are on a network that is censored:","Bí o bá ṣí Aṣàwáríkiri Tor, o lè ṣe àṣàyàn àfihàn wípé oríi ìṣàsopọ̀ tí a tẹríi rẹ̀ bọlẹ̀ lo wà:"
272,"Tor will not only bypass almost all national censorship, but, if properly configured, can also protect your identity from an adversary listening in on your country’s networks. It can, however, be slow and difficult to use.","Tor kò ní fo ìtẹríbọlẹ̀ ọ̀pọ̀ ìlú kọjá nìkan, ṣùgbọ́n, bí o bá fàṣẹ fún un bí ó ṣe yẹ, ó lè dáàbò bo ìdánimọ̀ọ rẹ kí ó máà bọ́ s'ọ́wọ́ ọ̀tá tó ń tẹ́tí sí ìṣàsopọ̀ ìlúù rẹ. Síbẹ̀, ó lè máa fà tìkọ̀, kò sì rọrùn ní lílò."
273,"To learn how to use Tor on a desktop machine, click here for Linux, here for macOS, or herefor Windows, but please be sure to tap “Configure” instead of “Connect” in the window displayed above.","Láti ka bí o ṣe lè lo Tor lórí ẹ̀rọ ayárabíàṣá àgbélétábìlì, ṣíra tẹ ibí fún Linux, ibí fún MacOS, tàbí ibí fún Windows, àmọ́ jọ̀wọ́ rí i dájú wípé o f'ọwọ́tọ́ ""configure"" dípò ""connect"" nínú àwòrán fèrèsé òkè."
