English,Yoruba
The Lagos State Government says that ten victims of the July 4  Ijegun pipeline explosion have died due to severe and high degree burns suffered from the inferno.,Ìjọba ìpínlẹ̀ Èkó ní àwọn ènìyàn méwàá tó farakáásáá níbi ìsẹ̀lẹ̀ iná tó sẹlẹ̀ ní ọjọ́  kẹ̀rin oṣù Agẹmọ ní ìlú Ìjegun lóti dágbéré fún áyé bótijépé iná ohun ti jó wọn kọjá sísọ.
"The Permanent Secretary, State Ministry of Health, Dr Titilayo Goncalves, who made this known to newsmen in Lagos,said that three of the victims died at the Lagos State University Teaching Hospital, Ikeja, while seven died at Gbagada General Hospital.",Akọ̀wé ìjoba lórí ètò ìlera Dókítà Títílayò Goncalves tò bá àwọn Akọ̀ròyìn sọ̀rọ̀ ní mẹ́ta lára wọn lókú ní ilé ìwòsàn ẹ̀kọ́ṣẹ́ ètò ìlera Lagos State University Teaching Hospital Ikeja tí àwọn méje míì sì pàdánù ẹ̀mí ní Gbàgádà General Hospital Léèkó.
"According to her, out of the 22 victims rescued by the Lagos State Ambulance Service, nine were taken to LASUTH, 12 to Trauma and Burns Unit of Gbagada General Hospital and one to Alimosho General Hospital.","Nínú ọ̀rọ̀ rẹ̀, ó ní àwọn ènìyàn méjìlélógún tí wọ́n fi Ọkọ̀ pàjáwìrì gbé níbi ìṣẹ̀lẹ̀ ọ̀hún ni wọ́n gbé ènìyàn mẹ́sàn án sí LASUTH, tí méjìlá sì wà ní ẹka ìjàmbá iná Gbàgádà General Hospital tí ẹ̣nìkan sì wà ni Àlímòṣọ́ General Hospital."
"She also said that they are doing everything possible to ensure that no other life is lost and from reports received, they are responding to treatment.",Dókítà Titilayo ní gbogbo ìgbìyànjú làwọn wa láti máse pàdánù ẹ̀mí Kankan mọ́. Bákanáà lóní ara àwọn tó kù ti ń yá.
"Greece's new Prime Minister, MrKyriakos Mitsotakis has said that he would not fail to honour the hopes of the Greek people after New Democracy's landslide victory.","Ààrẹ tintun orílẹ̀ èdè Greece’s, Mrkyriakos Mitsotakis ti ní òun ò ní já àwọn ará ìlú ní tàn-án mọ̀n lẹ́hìn tí Ìjọba ti bọ́si lọ́wọ́."
Mr. Mitsotakis emerged the winner of the election with several votes.,Mr Mitsotakis tófi ẹ̀yìn akegbẹ́ jọnlẹ̀ pẹ̀lú àbájáde egbelemùkú ìbò.
This Prime minister said his government will be a peaceful one.,Prime minister yìí tún ní òun yóò ṣe ìjọba àlááfíà lórí gbogbo ará ìlú.
He also promised to renegotiate a deal with Greece's creditors that would allow more money to be reinvested in the country.,Bákannáà lótún ṣe ìlérí láti sè ìpàdé pẹ̀lú àwọn Olókòwò Greece láti leè fàyè gba ọ̀pọ̀lọpọ̀ owó síi ìlú.
"President Muhammadu Buhari returned to Abuja on Monday after attending the 12th Extraordinary Summit of the African Union in Niamey, Niger Republic.",Ààrẹ Mohammedu Buhari ti padá sí Àbújá lọ́jọ́ ajé lẹ́hìn ìpàdè ẹlẹ́ẹ̀kejìlá àpèjọ àrà ọ̀tọ̀ pẹ̀lú Àjo Africa Union ní Niamey Niger Republic.
The News Agency of Nigeria reports that the presidential aircraft conveying the President and some members of his entourage landed at àthe Presidential Wing of the Nnamdi Azikiwe International Airport Abuja at about 1:25 p.m.,Àjọ Akọ̀ròyìn News Agency of Nigeria jábọ̀ pé ọkọ̀ òfurufú tó gbé Ààrẹ àti àwọn tí wọ́n jọ kọ́ọ̀wọ̀rìn balè igun pápákọ̀ Nnamdi Azikwe International Airport Abuja ní aago kan kọjá ìṣẹ́jú mẹ́ẹ̀dógún.
"The president signed the African Continental Free Trade Area (AfCFTA) agreement, making Nigeria the 53rd state in the continent to append its signature to the document.",Ààrẹ fọwọ́sí ìwé àdéhùn pẹ̀lú AfCFTA gẹ́gẹ́ bí Ààre ketàlélọ́gọ́ta tí yóò tí owọ́ bọ ìwé yìí lágbàáyé.
"The President had delayed signing the agreement, which entered into force on May 30, 2019.",Ààre dá ìwé yí dúró de osú karùn-ún ọdún 2019.
"The delay was to give room for extensive consultations with stakeholders, culminating in the submission of the report by the presidential committee, to assess the impact and readiness of Nigeria to join the free trade area.","Ìdádúró tí wọ́n fi àyè gbà àwọn Alẹ́nulọ́rọ̀, Onímọ̀ ìjìnlẹ̀ láti jábọ̀ ìwádìí wọn bí Nigeria se gbaradì láti darapọ̀ mọ́ wọn."
The advocacy for gender balance and equal opportunity is not meant to engender rivalry between men and women; rather it is aimed at ensuring that both women and men are given equal opportunities in the various sphere of our national life.,Ìpolongo àti ìkéde lórí ẹ̀tò láàrín àwọ̀n ọkùnrin sí Obìrinbi kìí ṣe fún ìfi igagbága bíkòsepé kí takọ tabo ilẹ̀ yìí le kópa nínú ìlọsíwájú orílẹ̀ èdè wa.
"A former Minister of Industry, Dr. Nike Akande made the clarification in Lagos at an event organized by the State Government to mark this year’s International Women’s Day, IDW.",Ọ̀rọ̀ yìí ni mínísítà fún ètò iṣé dokita Nike Akande sọ níbi ètò kan tí Ìjọba ìpínlẹ̀ Èkò gbé kalẹ̀ láti sàmì àyájọ́ Àwọn Obìnrin lágbàáyé [IDW].
"She noted that the Nigeria of our dreams is a country led by the best of our people and a place where there is justice, fair play and equality.","Ó fi kún ọ̀rọ̀ rẹ̀ pé ìwòye ọjọ́ iwájú Orílẹ̀ èdè yìí ni ìṣèjọba tí àwọn tó dántọ́ ṣe àkóso rẹ̀ àti ibi tí ètò ìdájọ́, Ìsọ̀kan àti Orí ò ju orí wà."
"In a message, Governor of Lagos, Mr Akinwunmi Ambode, who was represented by the Commissioner for Youths and Social Development, Agboola Dabiri acknowledged that women had been contributing immensely to the political and economic growth of the state and advised those who are mothers and guardians to encourage the youths, particularly girls to have good behaviour so as to be good leaders tomorrow.","Nínú Ọ̀rọ́ tí Gómìnà Ìpínlẹ̀ Èkó Ọ̀gbẹ́ni Akíwùnmí Ambode tí Kómísóná fún ọ̀rọ̀ àwọn Ọ̀dọ́ àti Ìdàgbàsókè Àwùjọ, Agboọlá Dábírí tó sojú fún, ni tí a bá wo inú agbo òsèlú, ipa ribiribi làwọn Obìrin ńkó pèlu ètò ọrọ Ajé Ìpínlè,   bákan náà lótún rọ àwọn Òbí àti Alágbàtọ́ láti ma gba àwọn ọ̀dọ́ ĺámọ̀ràn pàápàá àwọn Ọ̀dómọbìnrin láti ni ìwà ọmọlúwàbí kí wọ́n lè jẹ́ aṣíwájú rere lẹ́yìn ọ̀la."
"A member of Lagos State Assembly representing Eti-Osa Constituency Two, Mr. Gbolahan Yishawu has saluted workers for their immense contribution to the nation’s building.","Asojú ni ilé Ìgbìmọ̀ asòfin tó ń sojú ekùn Etì ọ̀sà kejì, Ọ̀gbẹ́ni Gbóláhàn Yishawu ti gbóríyìn fún àwọn òṣìṣẹ́ fún àtìlẹyìn wọn láti gbé Orílẹ̀ èdè yìí ga."
Mr. Yishawu in his May Day message to congratulate the Nigerian workers and their efforts in ensuring progress and development in their various working place commended the courage of the Nigerian Labour Congress and Trade Union Congress for their quest to ensure increase in workers minimum wage.,Ọ̀gbẹ́ni Yishawu nínú ìwé Àpilẹ̀ko tó fi kí àwọn òṣìṣẹ́ tó sì dúpẹ́ lọ́wọ́ Àjo Àwọn òṣìṣẹ́ pẹ̀lú àjo tó n mú ojútó Ayédáadé Òṣìṣẹ́ àti Àjo Olókòwò bí wọ́n ṣe ja Àjàyè lórí èkúnwó owó oṣù àwọn òṣìṣẹ́.
"The lawmaker assured citizens that the administration of President Muhammadu Buhari holds workers interest in high esteem, saying that the immediate signing of new minimum wage bill into law was an attestation.",Aṣòfin tún múu dá àwọn òṣìṣẹ́ lójú pé ìsèjoba Ààrẹ Mohammadu Buhari mọ rírì wọn tó sìjẹ́ kó buwólu ìbéèrè wọn tó sì ti di òfin.
Mr. Yisawu appealed to organizations that are owing their workers to pay on time.,Ọ̀gbẹ́ni Yishawu tún rọ àwọn Oníléeṣẹ́ tó sì ńjẹ àwọn òṣìṣẹ́ wọn lówó osú láti san Owó wọn fún wọn lásìkò.
"As workers around the world marks Workers Day today, a renewed call has gone to all levels of government to look into the provision of affordable housing units, comprehensive health insurance cover and prompt disbursement of pensions and other benefits to workers in the country to boost their productivity.","Bí gbogbo òṣìṣẹ́ lágbàáyé se ń sàmì àyájó àwọn òṣìṣẹ́ ní gbogbo ìpele láti ṣe ètò ilé olówópókú ,ètò ìlera tó jíire lówó tí kò ganilára àti sísan owó Àjemọ́nú àwọn òṣìṣẹ̀ fẹ̀hìntì lásìkò."
"The call was made by the Nigerian Union of Journalist, Lagos Chapter Chairman, Dr. QazeemAkinreti in a chat with our correspondent.",Ìpè yìí wá láti ọ̀dọ̀ Alága fún Àjo Akọ̀ròyìn ẹ̀ka ti ìpínlẹ̀ èkó Ọ̀gbẹ́ni Qazeem Akínretí ló sọ ọ̀rọ̀ yíí fún àwọn aṣojú oníròyìn wa.
Dr. Akinreti also said after the signing of the new minimum wage there is still much grounds to cover in terms of workers welfare.,Dokita Akinreti tún ní lẹ́yìn ìbuwọ́lù owó oṣù òṣìṣẹ́ to kéré ju ọ̀pọ̀lọ̀pọ̀ nǹkan amáyédẹrùn lóye ki ìjoba o mójútó láti mú ìgbé ayé ìrọ̀rùn bá àwọn òṣìṣẹ́.
"The winner of last Saturday Councillorship bye-election in Ward A Obele/Oniwala in Surulere Local Government area of Lagos State Mr. Kazeem Bello, has received his certificate of return from the Lagos State Independent Electoral Commission, LASIEC.","Ẹni tó jáwé olúborí ní ọjọ́ àbámẹ́ta tó kọjá nínú ìdìbò abẹ́lé ti Káńsílọ̀ ní Ọ̀bẹ̀lẹ́ Oníwàálà lágbègbè Sùúrùlérè ni Ìpínlẹ̀ eko, Ọ̀gbẹ́ni Kazeem Béllò ní Àjo elétò ìdìbò ìpínlẹ̀ Èkó LASIEC ti fun ní ìwé ẹ̀rí láti padà si Ófíìsì lẹ́ẹ̀kan si."
"Chairman of the commission, Justice Ayotunde Phillips congratulated the councilor-elect on his victory and encouraged him not to relent in rural development project.",Alága Àjo ọ̀hún onídàájó Àyòtúndé Phillips kí Ọ̀gbẹ́ni Bello kú oríire tó sì tún gbàá lámọ̀ràn làti teramọ́ isẹ́ Ìdàgbàsókè agbègbè
Justice Philips whose address at the ceremony was delivered by an electoral commissioner of the Commission Honourable Olusegun Ayedun noted that the commission demonstrates its commitment to play a crucial role among the political parties competing,Onídàájọ́ Phillips níbi tó ti jábọ̀ fún Komisọ́nà fún Àjọ òhún Hon Olúségun Ayédùn wòye pé Àjọ ọ̀hún fi ìfara ẹnijì hàn láti kó ipa pàtàkì láàrín ẹgbẹ́ òṣèlù tó ń díje.
The Chairman however expressed disappointment over the low turn-out of voters during the election.,Alága yìí tó fi èhónú rẹ̀ hàn bí àwọn Olùdìbò ṣe kọ̀ láti jáde kópa nínú eto ìdìbò ọ̀hún.
"The Chairman also expressed appreciation to security agencies, particularly the Police, Department of State Security and Nigerian Security and Civil Defence Corps.",Alága tún dúpẹ́ púpọ̀ lọ̀wọ̀ àwọn elétò ààbò pàápàá àwọn Agbófinró atì àwọn Eléto ààbò ìpínlè (DSS) pẹ̀lú Civil Defence.
"The Lagos State Emergency Management Agency, LAGSEMA, has advised motorists, tricycle operators and other road users against reckless driving, over-speeding as well as to always be vigilant especially when driving through the railway crossings to avoid unnecessary loss of lives.",Àjo tó ń kojú ìsẹ̀lẹ̀ pàjáwìrì ìyen Lagos Management Agency (LAGSEMA) ti ro àwọn Awakọ̀ àti àwọn tó ń wa kẹ̀kẹ́ ẹlẹ́sẹ̀ mẹ́ta láti máa se jẹ́jẹ́ lójú pópó kí ìfẹ̀mí sòfò lójú pópó ó lè di ohun àfìsẹ́yìn nílẹ̀ yìí pàápàá lásìkò tí wọ́n bá ń sodá lójú irin (Railway)
"The General Manager of LASEMA, Mr. Adeshina Tiamiyu gave the advice following the unfortunate incidents involving a tricycle rider that suddenly rammed into a moving train while trying to cross the railway crossing around Shina Peters Road, Iju Ishaa area of Lagos where four persons died and one escaped unhurt.",Ọ̀gbẹ́ni Adésínà Tìámíyù tó jẹ́ ọ̀gá Àgbà fún Àjo tó ń kojú ìsẹ̀lẹ̀ pàjáwìrì ìyen Lagos Management Agency (LAGSEMA)gba àwọn oníkèké márúwá lámọ̀ràn látàrí ìṣẹ̀lẹ̀ burúkú kan tó ṣẹlẹ̀ nígbàtí oníkèké márúwá kan sáré sẹ́nu ọkọ̀ ojú irin tó ńkọjá lọ́ ní agbègbè Shina Peters ní Ìjú Ìshàá ní agbègbè Èkó ní ibi tí àwọn ènìyàn mẹ́rin ti jẹ́ ọlọ́run nípè tí ọlọ́run sì kó ẹnìkan yọ láì farapa
Mr. Tiamiyu noted that the incident could have been avoided if road traffic rules were strictly adhere to by the tricycle operator.,"Ọ̀̀gbẹ́ni Tìámíyù ní tó bá sepé dẹ́rẹ́bà yìí mú sùúrù tó tún tẹ̀lé ìlànà òfin, irúfẹ́ ìsèlè yìí ìbátí wáyé."
"He advised motorists, other road users especially tricycle operators who are mostly in habit of maneuvering any available space to always exercise patience to avoid unnecessary loss of lives.",Bákanáà ló tún ń rò wọ́n láti dẹ́kun ìfẹ̀mí àti dúkìá sòfò látàri eré àsápajúdé àti àìní sùúrù.
"President Muhammadu Buhari is committed to improving the welfare of works and leaving behind a legacy of service and buoyant economy, the Minister of Labour and Employment Dr. Chris Ngige who made this known in a message to mark worker’s day. He maintained that the President was determined to create an economy that would bring about sustainable abundance to Nigerians.","Mohammed Buhari ti ní kí gbogbo Òṣìṣẹ́ ólọ fi okàn balẹ̀ nítorí pé ìsèjoba òun yìí yóò mú ìdẹ̀rùn bá àwọn òṣìṣẹ́ ní gbogbo ọ̀nà èyì ni isé ìkíni ìwúrí tó fi ránsẹ́ sí àwọn òṣìṣẹ́ níbi tí Mínísítà fún ètò ìgbani sí iṣẹ́ Dókítà Chris Ngige tilo sojú fun Ààrẹ, ònì òwà nínú èrò àti ìpinu rere fun àwọn òṣìṣẹ́ lori ìdókòwò ti yoo mú ọrọ̀ ajé Nigerians gbéra sókè ."
"Similarly, the Senate President, Dr. Bukola Saraki saluted workers on their contributions to the country’s socio economic development of our. In his Workers’ Day, message signed by his Special Adviser on Media and Publicity, Yusuph Olaniyonu, Dr. Saraki hailed the leadership of the organized Labour for their patriotism in often choosing dialogue rather than industrial action in resolving trade disputes.","Nínú isẹ́ ìkíni ti Olórí ilé ìgbìmọ̀ asòfin Dokita Bukola Saraki tó fi gbóríyìn fún àwọn òṣìṣẹ́ fún ipa tí wón nko nínú ìdàgbàsókè ilẹ̀ wa, ninu àtèjáde ti akọ̀wé fún Dókítà Saraki buwọ́lù ìyen Ogbeni Yusuph Olaniyonu ló ti gbóríyín fún àwọn tó gbèrò láti jóòko ìpàdé pọ̀ pẹ̀lú ìjoba láti so àsoyèpọ̀ lórí ìdàmú tó n kójú àwọn òṣìṣẹ́."
Saraki expressed hope that workers would be encouraged therefore they should always put in their best.,Sàràkí múu dá wọn lójú pé ìgbà ọ̀tun ńbò ṣùgbọ́n ki àwọn òṣìṣẹ́ o ri dájú pé wọn n sa ipá wọn pàápá lẹ́nu isẹ́ òòjó wọn.
Nigeria workers have converged on Agege Stadium to celebrate this year’s Workers Day.,Àwọn Òṣìṣí ìpìnlẹ́ yìí lóti kórajo si pápá ìseré Agege láti sàmì àyájọ́ àwọn òṣìṣẹ́.
"Lagos State Commissioner for Establishment, Training, Pension, Mr. Akintola Benson, commended Nigeria Labour congress for their struggle for welfare of the workers.","Komisona fun Ìdáṣẹ́sílẹ̀, ìkọ́ni àti ìfẹ̀yìntì Ogbeni Akintola Benson gbóríyín fún Àjo tó ń mójútó ìgbáyé gbádùn òṣìṣẹ́ bí wọ́n se ń bèrè fún ohun amáyédẹrùn fun àwọn Òṣìṣẹ́."
He said the state would continue to provide conducive atmosphere for workers while jobs creation would be government’s priority.,Óní ìjoba pẹ́lú yóò tún bọ̀ ma tẹ̀síwájú láti mú ìgbé ayé ìdẹ̀rùn bá àwọn òṣìṣẹ́ àti pé pípèsè iṣé yóò jẹ ìjọba lógún
"In a remark, Lagos State Trade Union Congress Chairman TUC, Mr. Francis Ogunremi called on Governor Akinwunmi Ambode to commence payment of minimum wage by May and arrears of April.",Ọ̀gbẹ́ni Francis Ògúnrèmí tó jẹ́ alága fún àwọn Onísòwò pe Gómìná Akinwunmi Ambode láti bẹ̀rẹ̀ síní san owó osú òṣìṣẹ̀ tó kéré jù nínú Oṣù Karùn ún Ọdún Bákan náà ni wọn tún béèrè fún owó àjẹmọ́nú ti Oṣù kẹrin ọdún.
"While commending government for prompt payment of workers’ salaries and remittance of pensions, Mr. Ogunremi appealed to the state government to regularize employment of casual and contract workers.","Ẹ̀wẹ̀ lásìkò tí wón ń pe ìjoba sí àkíyèsí Ọ̀gbẹ́ni Ògúnrẹ̀mí tún rawó ẹ̀bẹ̀ sí ìjoba láti dákun dábọ̀ jẹ́ kí owó oṣù àwọn òṣìṣẹ̀ ní sísan lọ dédé àti àwọn owó ìfẹ̀yìntì náà, Ó tún wá rawọ́ ẹ̀bẹ̀ síí ìjọba Ìpínlẹ̀ pé kí wọn ṣe ìdíwòn dédé sí àwọn òṣìṣẹ́ kíákíá àti àwọn kongílá"
"The eight National Assembly under the leadership of the Senate President, Dr. Bukola Saraki and his counterpart at the House of Representatives Mr. Yakubu Dogara have been described as efficient and effective",Ilé Ìgbìmọ̀ Aṣòfin àgbà ẹlẹ́kẹ̀jọ lábẹ́ Aàre wọ́n Dókítà Bùkọ́lá Sàràkí àti aka ẹgbẹ́ rè ọ̀gbẹ́ni Yakubu Dogara tí wón ń ṣojú nílé ìgbìmọ̀ aṣojú-ṣòfín kékeré ni wọ́n ti júwe gẹ́gẹ́bí aṣíwájú rere tósí ń fẹ́ ìlọsíwájú ilẹ̀ yí.
"The assertion was given by a member of the Green chambers representing Badagry Constituency at the National Assemblies. Mr. Bamgbose, said that the eight assembly performed creditably all members of the chamber placed national interest above individual interests. Mr. Bamgbose who stressed that as a member of the House, he has been able to also affect his constituents positively though various empowerment programmes, ranging from agriculture, crafts and many artisans within Badagry Federal Constituency. Mr. Bamgbose thanked Badagrians for giving him the opportunity to serve and promised to continue to deliver more dividends to his people.","Ọ̀mọ ilé ìgbìmọ̀ Aṣojú-ṣòfin tó ń ṣojú Àgbádárìgì Ọ̀gbẹ́ni Joseph Bamgbose ló sọ ọ̀rọ̀ yí lásìkò tó ńgbé o ríyìn fún wọ̣n pé èróngbà ìjọba ló mumú láyà àwọn aka ẹgbẹ́ ilé ìgbìmọ̀ aṣòfin ẹlẹ́ẹ̀kẹjọ, Óní gẹ́gẹ́ bíí ọmọ ilé ìgbìmọ̀ aṣòfin ọ̀hún tisa ipa ribiribi láti mú ayé dẹrùn fún àwọn ènìyàn agbègbè rẹ̀ látàrí ètò ìrónilágbára lórí ètò Ọ̀gbìn, isẹ́ ọnà ti ọ̀pọ̀lọpọ̀ oníṣẹ́-ọwọ́ náà si rí gbà láti jábọ̀ fún àwọn tó lọ sojú fún labuja bákan náà, Ódúpẹ́ púpọ̀ lọ́wọ́ àwọn agbègbè rẹ̀ fún ore-òfẹ́ tí wọn fún láti ṣojú wọn ní ilé ìgbìmọ̀ aṣòfin ósì ṣ̣e ìlérí pé òun kò ní já àwọn ènìyán náà kulẹ̀ lọ́jọ́-kọ́jọ́."
The Presidential Task-Force in Apapa road clearance has busted a cartel that extorts money from truck drives.,"Àjọ tó ń gbógun ti ìwà ìbàjé, ẹ̀ka ti ìjọba àpapọ̀ tí jáwé adámọlẹ́kun fún àwọn ọmọ gànfé tó ń gba owó kòtọ́ lọ́wọ́ àwọn Awakọ̀ àjàgbé Àpápá"
Mr. Opeifa who noted that presidential order’s deadline for the clearance of the roads elapses today.,Ọ̀gá Àgbà wọn Ọ̀gbẹ́ni Káyọ̀de Ọpéifá tó sọ̀rọ̀ yìí wí pé Ààrẹ ti fún wọn ní gbèdéke wíwẹ̀ yán kẹ̀yìnkẹ̀yìn tí Ọjọ́ náà sì ti pé lónìí.
Mr. Opeifa urged freight forwarders and truckers unions to direct their trucks and drivers to the approved private parks for a call-up to the port.,Ọpeifa ní gbogbo kàànda ọ̀hún tó sì tún ṣe kìlọ̀-kìlọ̀ fún àwọn lọ́gà-lọ́gà láti darí àwọn Awakọ sí ibi ìgbọ́kọ̀sí tí ìjọba ti yà sọ́tọ́ fún wọn
"As the Eid-El-Kabir draws near, Lagosians have expressed their displeasure over the increase in prices of goods in the market which has made life unbearable for them.",Bí ọdún se ń súnmọ́ ni àwọn olùgbé ìpínlè Èkó ti fajúro bí ojà se gbé owó lérí tósì gaju agbára wọn lọ.
Some Lagosians who spoke with Bond FM said that everything has become expensive.,Lára àwọn ènìyàn tobá iléeṣẹ́ Bond FM sọ̀rọ̀ sọ pé ohun gbogbo ló gbe owó lórí kọ́já sísọ.
They appealed to the government to put in place measure to address the situation.,Wọ́n rawọ́ ẹ̀bẹ̀ sí ìjoba Àpapọ̀ láti wa ǹkan se síi
"The Lagos Waste Management Authority, LAWMA, has called on residents to properly dispose of their domestic wasts during and after the forthcoming Eid-el-kabir celebrations so as to prevent outbreak of infection.",Àjọ tó ń mójútó ìkólẹ̀-ḱdọ̀tí ti Ìpínlẹ̀ Èkó ti ro àwọn olùgbé látí tọ́jú àwọn ilẹ̀ lásìkò ọdún yìí láti fi dènà àjàkálẹ́ àrún
"In a statement, the Assistant Director, Public Affairs of LAWMA, Mrs. Folashade Kadiri said that adequate measures had been put in place to ensure that the celebration is observed in a filth-free environment.",Igbá kejì ọ̀ga àgbà àti alámòjútó Abilékọ Fọláshadé Kádírì ní ètò gbogbo ló ti wà nílẹ̀ láti ri wípé àgbègbè tí àwọn ènìyàn tí ń ṣe àjọyọ̀ ọdún wàní mímọ́
She said LAWMA would be distributing free trash bags to residents for easy storage of extra waste that would be generated during the period.,Arábìnrin náà tún wá sọ pé Àjọ LAWMA yóò pín àpò ìdàdọ̀tí sí ní ọ̀fẹ́ fún àwọn olùgbé agbègbè yìí láti kó àwọn ìdọ̀tí náà síi ní àsìkò pọ̀pọ̀sìsì ọdún.
The Police Service Commission has approved with immediate effect the dismissal of nine senior Police officers for gross misconduct.,Ilé Isẹ́ Olọ́ọ̀pá ti fi ọwọ́ sí yíyọ àwọn Ọ̀gá agbófinró mẹ́sàn án lẹ́yẹ ò sọkà látàri ìwà ìbàjẹ́ wọ́n.
"This was part of the outcome of the plenary meeting of the Commission, which held in Abuja on March 26 and 27, 2019, presided over by its Chairman, Musiliu Smith, a retired Inspector-General of Police, adding that the commissioner also approved severe punishment for ten office.","Níbi àbájáde ìpàdé tó wáyé ní ìlú Àbújá ní ojọ́-kẹrìndínlọ́gbọ̀n àti kẹ́tàdínlọ́gbọ̀ oṣù ketà ọdún 2019, lábẹ́ Alága ìyen Ọ̀gá Àgbà tẹ́lẹ̀rí fún àwọn Ọlọ́ọ̀pá Ọ̀gbẹ́ni Musiliu Smith, ó fi kún pé àjọ náà buwọ́lu ìjìyà ọlọ́kan ò jọ̀kan fún àwọn òṣìṣẹ́ Ọlọ́ọ̀pá méwàá tó tasẹ̀ àgèẹ̀rẹ̀ sí òfin."
"According to the statement, those dismissed were Abdul Ahmed, Adamu Abare, Osondu Christian, Samson Ahmidu and Pius Timiala, Agatha Usman, Esther Yahaya, Idris Shehu and Usman Dass.","Látàrí ọ̀rọ̀ tí wọn fi léde, Àwọn tí wọn dá dúró ni, Abdul Ahmed, Adamu Abare, Osondu Christian,Samson Ahmadu,Pius Timiala,Agatha Usman,Esther Yahya,Idris Sheu,Usman Dass."
The Commission further requested the acting IG to furnish it with information on the punishment meted out to other officers mentioned in the Police Investigation Reports.,Àjọ náà tọrọ lọ́wọ́ Ọ̀gá àgbà Ọlọ́ọ̀pá pé kí wọn ṣàlàyé lẹ̀kúnrẹ́rẹ́ irú ìjìyà tí wọn fijẹ èyíkéyìí agbófinró tí adárúkọ nínú ìwádìí àwọn ọlọ́ọ̀pá.
OCCUPATIONAL HAZARDS,ÌJÀǸBÁ ẸNU IṢẸ́
Over two point seven million people die from occupational accidents and work related diseases annually worldwide.,Ó ju Mílíònù méjì ó lé léèédégbèrín ènìyàn ló ń pàdánù ẹ̀mí wọn látàrí ìjànbá ẹnu isẹ́ àti àrùn tó fara pẹ́ isẹ́ ṣíṣe lọ́dọdún ní àgbáyé
"The Permanent Secretary Ministry of Labour and Employment, Mr. William Alo said most immeasurable human suffering and catastrophe caused by poor occupational safety and health practices and conditions are largely preventable.",Akowé àgbà fún ètò ìgbani sí iṣẹ́ Ogbeni William Alo ní òdiwọ̀n aláèlẹ́gbẹ́ ni ìyà tí àílàbò tó fí ń jẹ àwọn òṣìṣẹ́ àti gbígbìnyànjú ìlera àti ìdojúkọ tó ṣe faradà
"He said would continue to develop and review policies, legislative and regulatory frame work critical to achieving sustainable improvement in safety and health standards in the work place.","Ò ní àwọn túnbọ̀ ma tẹ̀síwájú àti láti ṣe àgbéyèwò ìlànà, òfin àti àwọn ètò tó lágbára láti ripé ìlọsíwájú bá ètò àbò àti ìlera tó làmìlaka ní ẹnu isẹ́"
"Contributing, the International Labour Organisation, ILO, Country Director in Nigeria, Mr. Denis Zulu said Nigeria had been consistent in commemorating the World Day for Occupational Safety, noting that the celebration gives an opportunity to see how much progress has been made in safety and health at the work place.","Nínú ọ̀rọ̀ tí Ọ̀gá àgbà fún Àjo tó ń mójútó ọ̀rọ̀ àwọn òṣìṣe lágbàáyé, ẹ̀ka ti Orílẹ̀ èdè wa (Internàtional Labour Organisàtion Organisàtion) iyen Ọ̀gbẹ́ni Denis Zulu ni Orílẹ̀ èdè wa kúndún láti ma sàmì àyájó yìí láti lè fi mọ ìtẹ̀síwájú àti ibi tóyẹ ki wọn dojú isẹ́ ko nípa èto àbò ti ìlera lẹ́nu isẹ́."
ROAD SAFETY,Ẹ̀SỌ́ ALÁÀBÒ
"Motor-cyclists and tri-cyclists caught driving against traffic in Lagos, would be subjected to psychiatric tests while their motor-cycles and tricycles will be seized.","Àwọn awakò kẹ̀kẹ́ elẹ́sẹ̀ mẹ́ta àti àwọn Olọ́kadà tó bá lòdì sí òfin ìrìnnà ìpínlẹ̀ Èkó ni wọn yóò o kólọ sí ibi tí wọ́n ti ń yẹ àrùn ọpọlọ wò, tí ìjoba yóò sì gbẹ́sẹ̀ lé kẹ̀kẹ́ tàbí irúfẹ́ ọ̀kadà bẹ́ẹ̀."
"The Lagos State Sector Commander of the Federal Road Safety Corps, FRSC, Mr. Hyginus Omeje stated this at a sensitization programme organized for riders and passengers, safety in IfakoIjaiye Local Government.","Olùdarí fún Àjo Ẹ̀ṣọ́ Àrìnyè Ọ̀gbẹ́ni Hyginus Omeje ló kéde ọ̀rọ̀ yìí lásìkò tí wọ́n ńṣe ètò ìdánilẹ́ẹ̀kọ́ tí ìjọba gbé kalẹ̀ pẹ̀lú àwọn Oníkẹ̀kẹ́,Ọlọ́kadà àti àwọn èrò wọn ní Ìjoba Ìbílẹ̀ Ìfàkọ̀ Ìjàyè."
"Represented by Mr. Ofure Ihenacho, Mr. Omeje said road users had a right of way and urged them to use the highway responsibly.",Ogbeni Ofure-Ihenacho tó sojú fún-ún níbi ètò ọ̀wún ni àwọn awakọ̀ yí ní ẹ̀tọ́ sí ojú òpópónà tósì tún nbẹ̀ wọ̀n láti lo ọ̀nà gẹ́gẹ́bí ọmọlúwàbí.
"The FRSC Lagos boss, also enjoined them to ensure that their passengers sit properly.",Ọ̀gá àgbà yìí tún ránsẹ́ pé kí wọ́n ri dájú pé àwọn èrò tí wọ́n bá gbé jóòkó bótitọ́.
"In a remark, the Council Chairman, Apostle Oloruntoba Oke, urged riders to have a change of attitude and see their job as critical to other road users.",Nínú ọ̀rọ̀ Alága Kansulu yìí Apostle Ọlọruntoba Òkè lóti ńrọ àwọn Ọlọ́kadà àti oní kẹ̀kẹ́ láti yíí ìwà wọn padà kí wọn sì rí iṣẹ́ wọn bíi iṣẹ́ ẹlẹgẹ́ pẹ̀lú àwọn tí wọn jọ ńlo ojú ọ̀nà.
"The African Union (AU) has said that it is ""with deep regret"" that the military authorities in Sudan have not handed over power to civilians.",Àjọ Africa Union ní ò seni láàánu pé àwọn Ológun omo ilẹ̀ Sudan kọ̀ láti gbé ìjoba ilẹ̀ náà fún Alágbádá.
The AU had given the military fifteen days Altimatum to transfer power shortly after President Omar al-Bashir was overthrown three weeks ago.,AU ti fún àwọn ológun ní gbèndéke ọjọ́ méẹ̀dógún láti gbé ìjọba fún Alágbádá lẹ̀yín tí wọ́n ti gba ìjoba lọ́wọ́ Ààrẹ Omar al-Bashir ní ọ̀sẹ̀ mẹ́tta sẹ́yín.
"The African Union has also given the coup leaders another 60 days to step down in favour of civilians, saying If they fail to do this Sudan will be suspended from the AU.","Bákan náà ni wọ́n tun fún olórí adìtẹ̀ gbàjọba ní ọgọ́ta ọjọ́ láti gbé ìjọba sílẹ̀ fún alágbádá, bí wọ́n bá kùnà àwọn yóò yọ orílèdè sudan kúrò ní Africa Union."
The military leaders have been holding discussions with protest leaders and opposition figures on how to manage the transition to democratic rule.,Ẹ̀wẹ̀ àwọn olori Ológun naa sì ti ń ṣe ìfọ̀rọ̀wérọ̀ pẹ̀lú olórí àwọn ajìjàgbara àti àwọn alátakò bí wọn ṣe leè gbé ìjọba fún àwọn tí wọn ó fìbò yàn
BAMGBOSE/HOUSE OF REP,BANGBOSE/AṢOJÚ ILÉ ÌGBÌMỌ̀ AṢÒFIN
"The eight National Assembly under the leadership of the Senate President, Dr. Bukola Saraki and his counterpart at the House of Representatives Mr. Yakubu Dogara have been described as efficient and effective.",Ilé Ìgbìmọ̀ Aṣòfin ẹlẹ́èkẹ̀jọ lábẹ́ Aàre wọ́n Dókítà Bùkọ́lá Sàràkí àti Aka ẹgbẹrẹ rẹ̀ Yakubu Dogara tí wọ́n ń ṣojú nílé ìgbìmọ̀ aṣojú ṣofín ni wọ́n ti júwe gẹ́gẹ́bí aṣíwájú rere tó si ń fẹ́ ìlọsíwájú ilẹ̀ yíì.
"The assertion was given by a member of the Green chambers representing Badagry Constituency at the National Assemblies. Mr. Bamgbose, said that the eight assembly performed creditably all members of the chamber placed national interest above individual interests. Mr. Bamgbose who stressed that as a member of the House, he has been able to also affect his constituents positively though various empowerment programmes, ranging from agriculture, crafts and many artisans within Badagry Federal Constituency. Mr. Bamgbose thanked Badagrians for giving him the opportunity to serve and promised to continue to deliver more dividends to his people.","Ọ̀mọ ilé ìgbìmọ̀ Aṣojú-ṣòfin tó ń ṣojú Àgbádárìgì Ọ̀gbẹ́ni Joseph Bamgbose ló sọ ọ̀rọ̀ yí lásìkò tó ńgbé o ríyìn fún wọ̣n pé èróngbà ìjọba ló mumú láyà àwọn aka ẹgbẹ́ ilé ìgbìmọ̀ aṣòfin ẹlẹ́ẹ̀kẹjọ, Óní gẹ́gẹ́ bíí ọmọ ilé ìgbìmọ̀ aṣòfin ọ̀hún tisa ipa ribiribi láti mú ayé dẹrùn fún àwọn ènìyàn agbègbè rẹ̀ látàrí ètò ìrónilágbára lórí ètò Ọ̀gbìn, isẹ́ ọnà ti ọ̀pọ̀lọpọ̀ oníṣẹ́-ọwọ́ náà si rí gbà láti jábọ̀ fún àwọn tó lọ sojú fún labuja bákan náà, Ódúpẹ́ púpọ̀ lọ́wọ́ àwọn agbègbè rẹ̀ fún ore-òfẹ́ tí wọn fún láti ṣojú wọn ní ilé ìgbìmọ̀ aṣòfin ósì ṣ̣e ìlérí pé òun kò ní já àwọn ènìyán náà kulẹ̀ lọ́jọ́-kọ́jọ́."
"The inspector general of police Mohammeed Adamu, has called for stiffer law against kidnapping, banditry and other heinous crimes.","Ọ̀gá Ọlọ́ọ̀pá Mohammed Adamu tí bèrè fún ìjìyà tó gbópọn lórí àwọn ajínigbé, Idúnkokò mọ́ni tàbí ìwà-Ọ̀daràn míì."
IGP Adamu made this known in Abuja while addressing a delegation of the Nassarawa State Chapter of the association of Lagos Government of Nigeria led by Alhaji Aminu Muazu Maifata during a Sallah visit.,Adamu sọ̀rọ́ níbi ìpàdé àwọn Aṣojú Ọmọ ìpínlẹ̀ Nasarawa ẹ̀ka ti Èko lábẹ́ Alhaji Aminu Muasu Maifata lásìkò ọdún Sallah.
"Mr. Adamu who stated the feats recorded so far by “Operation Puff Addent in the ongoing fight against criminality nationwide, said since its launch in April 5, 2019, the team had rescued sixty-three kidnap victims.",O ní látì ìgbà tí wọ́n ti ṣe ìgbékalẹ̀ Puff Addent ni Ọjọ́ karun ún oṣù kerin ọdún 2019 ni Àjọ ọ̀hún ti gba ènìyàn bi métàlélọ́góta kalè lọ́wọ́ àwọn ajínigbé.
"According to him, a good number of cases are being prosecuted in courts across the federation, while several others are at investigation level.",Ó fikún ọ̀rọ̀ rẹ̀ pé púpọ̀ lára àwọn ẹ̀sùn tówà nílé ẹjọ́ ni ìwáàdí nlọ lórí ẹ̀ àti àwọn ẹ̀sùn míì.
"The Police boss commended his mentor for a good job, and maintained that the mind boggling arrests and arms recoveries were a testament to the efficiency of the rescue team.",Ọ̀gá ọlọ́ọ̀pá gbóṣùbà ràbàndẹ̀ fún olùtónisónà rẹ̀ fún iṣẹ́ ribiribi ó sì tẹ̀síwájú pé ohun náà lófa ti àṣeyọrí àwọn ọlọ́ọ̀pá olùgbanisílẹ̀ tí wọn rí àwọn ọ̀daràn mú pẹ̀lú àwọn oun ìjà tí wọn rígbà.
"As part of efforts to enhance the gredibility and intergrity o the Nigerian Ship Registry, the Nigerian Maritime Administration and Safety Agency, NIMASA, has unveiled new certificates for fishing vessels, cabotage bare boat charger vessels and cabotage wholly Nigerian vessels.",Lójúnà àti mú ìdàgbàsékè bá ètò lílọ bíbọ̀ ọkọ̀ ojú omi ní ìrọ̀rùn ló mú Nigeria Maritime Administràtion and safety Agency (NIMASA) ṣe ìfilọ́lẹ̀ àwọn ọkọ̀ ńlá-nlá ayára bí àṣá lórí omi tó jẹ́ ti àwọn Apẹja tó sì ní ohun èlò ìgbàlódé nínú láti mú ìdàgbàsókè bá ẹ̀ka yìí.
"NIMASA, Director General, Dr. Dakuku Peterside who unveiled the certificate in Lagos during an interactive forum with ship owners.",Ògá àgbà àjọ òhún Dókítà Dakuku Peterside ló ṣíṣọ lórí ìwé èrí ní ìlú èkó ní àsìkò ìfikùn-lukùn pẹ̀lú àwọn oní ọkọ̀ ojú omi náà.
"Dr. Dakuku stated that Nigeria’s ship currently ranks second in Africa and forty-six globally according to the international maritime organisations ranking. At the end of the highly interactive forum, the ship owners expressed their willingness to partner with NIMASA to realise it’s set objectives to boost the intergrity of indigenous ships in the international community.","Ọ̀mọ̀wé Dakuku ṣàlàyé pé ọkọ̀ ojú omi orílèdè Nigeria wà ní ipò kejì ní áfíríkà báyìí àti mẹ́rìn-dín-ní-àdọ́ọ́ta ní àgbáyé gẹ́gẹ́ bí international maritime organization ṣe fi léde nínú ìgbéléwọ̀n wọn. Ní ìgbẹ̀yìn ìfọ̀rọ̀wánilénu wò tó lékenkà, Àwọn ọlọ́kọ̀ ojú omi fi ìdùnú wọn hàn láti bá àjọ NIMASA ṣiṣé papọ̀, láti leè ṣàṣeyọrí nínú èròńgbàwon láti jẹ́kí ọkọ̀ ojú omi tiwatiwa jẹ́ ìtẹ́wọ́gbà ní àgbáńlá ayé"
"The Special Adviser to Governor Babajide Sanwo-Olu on local government and chieftaincy Matters, Mr. Bayo Isinyemi has been described as a grassroot politicians who has played a vital roles in the lives of the less previledge especially amongs All Progressive Congress Party members in Mushin and Oyuwoye area of Lagos State.",Ọ̀gbẹ́ni Bayọ lsinyẹmi tó jẹ́ Olùbádámọ̀ràn Gomina Sanwo-Olu lórí ọ̀rọ̀ ìjọba ìbílẹ̀ àti oyè jíjẹ ni Olóyè Abdul Raman Rafiu Apena ti ṣe àpèjúwe rẹ̀ gẹ́gẹ́bi Olóṣèlú tó ṣe fi Ọkàn tán tó sì ń kó ipa rere láti ran àwọn aláèní lọ́wọ́ pàápàá jùlọ nínú Ẹgbẹ́ òṣẹ̀lú All Progressive Congress Mushin àti Ojúwòyè ní agbègbè ìpínlẹ̀ Èkó.
This was a statement of an elder Statemen Alhaji Chief Abdul Ralmon Rufai Apena as a goodwill message to mark the seventy years birthday of Mr. Bayo Osinyemi.,Ọ̀rọ̀ apinlẹ̀kọ yìí wá láti ẹnu àgbà olóṣèlú Olóyè Abdul Ramon Rafiu Apena ni ó júwe Ọ̀gbẹ́ni Bayọ lsinyẹmi bẹ́ẹ̀ nínú iṣẹ́ ìkíni kú ayẹyẹ Àádọ́rin ọdún wọn.
Alhaji Apena who is the Balogun Ododowo Ojuwoye expressed satisfacion in the humility and worthy life style of the celebrant which is worthy of emulation. Alhaji Apena further prayed for the celebrant.,"Alhaji Apena tí ó jẹ́ Balogun Ododowo Ojúwòyẹ̀ fi ìdùnú rẹ̀ hàn lórí ìgbé ayé ìrẹ̀lẹ̀ àti ti ọmọlúàbí tí ọlọ́jọ́ ìbí náà ń gbé, ìgbéayé tó ṣe tẹ̀lé ni, Alhaji Apena tún tẹ̀síwájú láti ṣe àdúrà fún ọlọ́dún náà."
"The Chairman of Ikosi-Isheri Local Council Development Area, Princess Samiat Bada has restated her commitment to the wellbeing of the people in the council area.  Princess Bada who stated this after administered oath of office on her vice Chairman, Alhaji Mukaila Adisa at council secretariat Ikosi said her administration would focus on infrastructural development, empowerment of aged persons, widows and the youths so as to live comfortable life. She enjoined all tax paying stakeholders in the council area to pay their levies and rates to the council purse as at when due to continue to enjoy dividends of democracy.","Alágá ìdàgbàsókè Ìkòsì Ìṣhẹ́ri Ọmọbabìnrin Samiat Badà ṣe ìlérí fún àwọn ènìyan rẹ pé Àlàáfíà àti ìdùnnú wọn loún yóò wá ni ìgbà gbogbo o so ọ̀rọ̀ yìí nígbà tí ó ṣe ìbúra fún igbákejì ẹ Alhaji Mukaila Adisa àti pe ètò ìrónilágbára onígbà dégbà fún àwọn opó, àgbàlagbà àti àwọn ọ̀dọ́ bákan náà ló tún rọ àwọn olùgbé láti máa san owó orí lásìkò ki wọn lè ma jẹ ìgbádùn ìjọba síwájú si."
"She expressed her appreciation to all APC Chieftains in Kosofe Federal Constituency for their support. The swearing of the Vice Chairman become necessary following the death of former council Chairman, Alhaji Abdul-Fatai Oyesanya which led to the elevation of Vice Chairman, making the position of chairman position vacant.","Ó dúpẹ́ lọ́wọ́ gbogbo àwọn àgbà ẹgbẹ́ APC ti àgbègbè kòsòfẹ́ federal constituency fún ìfọwọ́sowọ́pọ̀ wọn. Bíbúra fún igbákejì alága wáyé látàrí ìpapòdà alága àná, Alhaji Abdul-fatai Oyesanya tósì jásí ìgbéga igbákejì alága, Nígbàtí àyè alága sófo"
"The Wife of Lagos State Governor, Dr. Ibijoke Sanwo-Olu has appealed to Muslim faithful in the state to allow the virtues of the just concluded Ramadan period to reflect in their actions, public conduct and interpersonal relations.","Aya Gómìnà ìpìnlẹ̀ Èkó Dọ́kítà Ìbíjọkẹ́ Sanwó-Olú ti rọ gbogbo ẹlẹ́sìn Mùsùlùmí láti máṣe yẹ̀ kúrò nínu ìwà rere tí wón gbéwọ làsìkò Ramadan tó kásè ńlẹ̀, kí wọn jẹ́ kójẹ yọ nínú àwon ìwà wọn, àti ìhùwàsí wọn ní àwùjọ àti ní àrin ara wọn."
"Dr. Sanwo-Olu made the appeal at a special get together to mark eid-el-fir at the Lagos House Alausa Ikeja and he advised the faithful to always remember the essence of the month and continue with the principles of the Holy month of Ramadan which are love, peace and happy co-existence.","Dókítà Sanwo-Olu rọ̀ wọ́n níbi Ìrun Odún Eild-el-fitri ní Aláùsá ní Ìkẹjà, ó ní kí wọn máṣe gbàgbé ẹ̀kọ̀ ti osú Lamulana kọ́wa nípa ìfẹ́, Àláafíà àti ìpamọ́ra láìní ẹlẹ́yàmẹyà nínú."
"In his remark, Governor Babajide Sanwo-Olu who thanked residents for their support and solicited their continued support said very soon, a number would be released which resident can send complains about roads needing rehabilitation for quick response. Reiterating his administration’s zero tolerance on indiscriminate dumping of refuse and flouting of traffic rules the Governor said his administration will continue to call on residents to ensure the successful implementation of its policies.",Nínú ọ̀rọ̀ Gómìnà Sanwó-Olú ló ti dúpẹ́ lọ́wọ́ àwọn olúgbé fún ìfọwọ́sopọ̀ wọn tó sì tún ṣe ìlérí pé láìpẹ́ ojú òpó kan máa tó jáde fún ará ìlú láti máa fi kàn sí ìjọba bákan náà lótún óní gẹ́gẹ́ bí ẹṣe mọ̀ pé ìjọba yìí kònífi àyè gba ìgbàkugbà fún àwọn tó ń dalẹ̀ sí ibi tí kòtọ́ àti àwọn tí wọn ń rú òfin ìrìnà gómìnà tún ní ìjọba òun kòní káàárẹ̀ láti rii pé àgbékalẹ̀ òfin àti àfojúsùn òun múnádóko.
It was also reported that prayer were offered for the success of the administration peace in Lagos State and Nigeria by the leader of Imams while gifts were presented to youth who participated in Quran recitation and quiz competition.,"Akọ̀rọ̀hìn jábọ̀ pe nibe wọn gbàdúrà fún ìṣèjọba àlàáfià ìpìnlẹ̀ Èkó àti Nigeria láti ẹnu aládarí àwọn lèmọ́mù, tí wọn sì tún ṣe kóríyá fún àwọn ọ̀dọ́ tó díje nínú kíka àkọ́sórí Qurani àti ìdíje ìwé."
"The Join Admissions and Matriculation Board, JAMB said that it has not published the national and general minimum cut-off marks for placement of candidates into the nation’s tertiary institutions as speculated in some quarters.","Àjọ JAMB ní àwọn kò ì tí kéde iye Gbèndéke máàkì tí àwọn tó ṣe ìdánwò àṣewọlé sí ilé èkó Ifásitì, bí àhesọ ṣe lùgborokan."
"The board’s Head Media and Information, Dr. Fabian Benjamin made this known while speaking with the newsmen in Lagos. He described the information is fake and advised candidate to disregard such information. Dr. Benjamin explained that the next policy meeting would be held on Tuesday, June 11 to determine the cut-off mark.","Olórí Àjọ Jamb ti ẹka Ìròyìn àti ìpolongo, Dọ́kíta Febian Benjamin ló jẹ́ kí èyí di mímọ̀ nígbàtí ń bá àwọn Akọ̀ròyìn sọ̀rọ̀ ní ìlú Èkó, ó ní kòsí òtítọ́ nínú ọ̀rọ̀ tí àwọn akẹ́kọ̀ọ́ náà ń gbọ́ kiri ó sì gbà wọ́n ní Ìmọ̀ràn pé kí wọn da ọ̀rọ̀ náà nù sígbó. Dókítà náà tún tẹ̀síwájú láti ṣàlàyé pé ọjọ́ kọkànlá oṣú kẹfà ni ìpàdé míràn máá wáyé lórí máàkì tí wọn yóò fi ṣe gbèndéke."
He promised that the board will continue to provide information to the public on its processes and activities at every stage.,Ò ní Àjọ Jamb yóò ma fi tó wọn létí bí nǹkan bá ṣe ń lọ lẹ́sẹsẹ.
"The campaign organization of the All Progressives Congress candidate for the position of speaker in the ninth House of Representatives, Mr. Femi Gbajabiamila has denied claims of criminal allegations against him.",Olúpolongo ìbò sí ipò Agbẹnugan ilé ìgbìmọ̀ Aṣòfin ẹlẹ́ẹ̀kẹsàn án Ọ̀gbẹ́ni Fẹ́mi Gbàjàbíàmílà ti tako ẹ̀sùn Ọ̀daràn tí wọ́n fi kàn án.
"The Director General of the Femi Gbajabiamila Ahmed Wase Campaign organization, Mr. Abdulmumuni Jubrin stated this at a news conference in Abuja. He insisted that Gbajabiamila has not been served any court document hence he would be on floor of the Green Chamber to participate in the election on June eleven despite the campaign of calumny.","Abdulmumuni tó jẹ́ Ọ̀gá àgbà fún ìpolongo ìbò fún Fẹ́mi Gbàjàbíàmílà ìyẹn Ahmed Wase, ní kò sí ilé ẹjọ́ tó fún Gbàjàbíàmílà ní ìwé ìpẹ̀jọ́ láti wá jẹ́jọ́ àti wi pe níwọ̀n ìgbà tí kò ní ẹ́jọ kankan láti jẹ́ o lẹ́ẹ̀tọ́ làbẹ́ òfin láti kópa nínú ètò ìdì̀bò ọjọ́ kọkànlá oṣù kẹfà Ọdún yìí."
Mr. Jubril also said that the Inspector General of Police had been petitioned and urged to go after the leadership of the coalition of united political parties with a view to investigate the source of their information and to identify their collaborators in the federal parliament.,Ọ̀gbẹ́ni Jubrin ní Ọ̀gá àgbà Ọlọ́ọ̀pá lẹ́jọ́ kósì rii pé ó tẹ̀lé àwọn adarí ẹgbẹ́ òṣèlú parapọ̀ láti rí I pé ó ṣe ìwáàdí ibi tí wọn tí rí àhesọ ọ̀rọ̀ wọn àti pe àwọn wo ni agbẹ̀yìnbẹbọjẹ́ láti ọ̀dọ̀ ìjọba àpapọ̀ tó ń ṣiṣẹ́ pẹ̀lú wọn.
He said that Gbajabiamila has instructed his legal team to sue the cup leadership for defamation of character.,Ẹ̀wẹ̀ Gbàjàbíàmílà náà ti darí ikọ̀ amòfin rẹ̀ ní ìlànà òfin láti tawọn lójì lórí ìbanilórukọjẹ́
"A former lawmaker representing Kosofe Federal Constituency at the House of Representatives, Mr. Dayo Bash-Alebiosu has asked Muslim faithful to emulate the virtues of Prophet Mohammed.","Omo ilé ìgbìmọ̀ aṣójú-ṣòfin tẹ́|ẹ̀rí fún Kòṣọ̀fẹ́ Ọ̀gbẹ́ni Dayọ Bash Alébíoṣù ní kí gbogbo Ẹlẹ́sìn Islam, o kọ́ ìṣe àti ìwà Òjíṣẹ́ ńlá Mohammed."
Mr. Dayo Bash made this known while speaking to newsmen during the celebration of the Eid-el-fitri to mark the successful end of the one month of fasting.,Ọ̀gbẹ́ni Dayo Bash sọ èyí di mímọ̀ nígbà tó ń bá àwọn akọ̀ròyìn sọ̀rọ̀ lásìkò pọ̀pọ̀ṣìnṣìn ọdún Eid-el-fitri tí afi sorí ìparí àwẹ̀ olóṣù kan Ramadan.
"Mr. Bash sought for prayers for the success of all the leaders in the country especially President Muhammadu Buhari and the Lagos State Governor, Mr. Babajide Sanwo-Olu.",Bash ni kí gbogbo Aṣíwájú ẹ̀sìn ó máa gbádùrá fún Ààrẹ Buhari àti Gómìnà Sanwo-Olu ti ìpìnlẹ̀ èkó.
"He also enjoined the faithful to use this season to pray for peace, prosperity and unity of Nigeria.",Ò tún rọ̀ àwọn ará ìlú láti mágba àdúrà fún Orílẹ̀ èdè wa láti lo àsìkò yìí láti gbàdúrà fún àlááfíà àti ìṣòkan Nigeria.
"The Lagos State Governor, Mr. Babajide Sanwo-Olu has restated his commitment to collaborate with residents and people of the state for successful implementation of his administration’s policies and programmes.",Gómìnà ìpínlẹ̀ Èkó Ọ̀gbẹ́ni Sanwó-Olú titún jẹ́ kí ìfarajì rẹ̀ pẹ̀lú àwọn olùgbé ìpínlẹ̀ èkó fún àṣeyọrí gbogbo àfojúsùn àti ètò ìṣèjọba yìí
"Governor Sanwo-Olu who said tis when he hosted Muslim faithful in Lagos House, Alausa, Ikeja to mark 2019 Eid-el-fitri informed the gathering that his government would soon release emergency hotlines to the public to call the Lagos State Public Works for immediate fixing of pot-holes and roads need urgent repairs.",Gomina sọ̀rọ̀ yìí lásìkò tó n gba àwọn Ẹlẹ́sìn Musulumi Òdodo lálejò nínu Ọgbà ìjọba Aláùsá ní Ìkẹjà láti sàmì Eid-el-fitri tó sí ṣe ìlérí pé ojú kan máa tó jáde ti àwọn ara ìlú yóò malò láti lè mafi tó ìjọba létí lórí àwọn ojúnà tó nílò àtúnṣe kí wọn le tètè tunṣe. Ò tún rọ̀ wọn láti bẹ Ọlọ́run fún àlááfíà.
"The Anti-Cultism Unit of the Nigeria Police has urged hoteliers in Lagos State to be more security conscious by monitoring activities of cultists, who use hotels as their meeting points.",Àwọn ọlọ́ọ̀pá ti pe àkíyèsí àwọn Oníṣòwò ilé ìtura láti máa wà ní ojúlalákàn fi ńṣọ́rí nígbà gbogbo láti má wo lílọ bíbọ̀ àwọn ọmọ ẹlẹ́gbẹ́ òkùnkùn bóṣe jẹ́pé ilé ìtura nibi ìpàdé wọn.
"The Commander, Anti-cultism Unit, Mr. Udom Uduak gave the charge during a meeting with Hoteliers, community leaders and local security men at the Gbagada Police Division, as part of measures by police to address the prevailing cult activities.",Olùdarí àwọn Ẹ̀sọ́ tó ń gbógun ti ẹgbẹ́ òkùnkùn Ọgbẹ́ni Udom Udoak lo kéde ọ̀rọ̀ nígbà tó n ṣe ìpàdé pelu àwọn Olórí àdúgbò àti Onílé-ìtura àti àwọn Ọdẹ ní agbègbè Gbàgádà lórí akitiyan àwọn ọlọ́ọ̀pá láti dẹ́kun ṣíṣe ẹgbẹ́ òkùnkùn
"Mr. Uduak charged hotel owners to improve the technological watch of their hotels by embracing electronic surveillance, such as CCTV. He also implored them to be alert and work with the police to bring them to book, by reporting them to the police, whenever there is any sign that identifies them as a cult group.",Uduak rọ gbogbo àwọn tó ní ilé ìtura láti máa lo ẹ̀rọ ònmọ̀ CCTV kí wọ́n si ma fi tó àwọn ọlọ́ọ̀pá létí nígbàkigbà tí wọ́n bá kẹ́ẹ́fín wọn.
"The Lagos State Water Corporation says the ongoing road construction along the Lagos-Abeokuta expressway is responsible for the disruption in supply to Iyana-Ipaja, Egbeda, Dopemu, Orile Agege, Idimu, Isheri Olofin and other adjoining communities.","Àjọ olómi ìpìnlẹ̀ Èkó ni Ojúnà tí wọ́n ń ṣe ní Ojúnà márosẹ̀ Èkó sí Abéòkúta ló ṣe ìdíwọ́ fún omi tíkò já gaara fún àwọn olùgbé Ìyànà-Ìpájà, Ẹgbẹ́dá,Dọ̀pẹ̀mú,Orílé Agége,Ìdímù,Ìshẹri Olófin àti àwọn agbègbè tó kù."
"In a statement, the Lagos State Water Corporation Managing Director, Mr. Muminu Badmus explained that the corporation 1200 mm ductile pipe and water main/pipe supplying potable water to these areas were damaged by the construction activities.",Nínú ọ̀rọ̀ tí Olùdarí àgbà fún àjọ Olómi Ọ̀gbéni Muminu Badmus ṣe lálàyé pé àwọn ọ̀pá omi tó gbé omi sí àwọn ìlú yìí lóti bàjẹ́ lásìkò iṣẹ́ ojúnà.
He apologized to the residents and assured them that water supply would be restored as soon as possible.,Ó rọ̀ àwọn olùgbé láti máse bínú kí wọ́n mú sùúrù pé láìpé omi tójágara má tó padà sí ọ̀dọ̀ wọn.
"The Chairman of the Independent National Electoral Commission, Professor Mahmood Yakubu has described the nation’s current electoral act as problematic.",Alága àjọ elétò ìdìbò nì ilẹ̀ yìí Ọ̀jọ̀gbọ́n Mahmood Yakub ti ṣe àpéjùwe ìgbésẹ̀ fún ìgbaradì ètò ìdìbò èyí ti àwọn kan ńlòdì sí òfin.
He said a new legal framework must be put in place in order to address the irregularities being witnessed in the nation’s electoral process.,Ó ní ìgbèsẹ́ tuntun yìí ni láti lè jẹ́ kí ohun gbogbo lọ bótitọ́ tó sì bá ìlànà ètò ìdìbo mu.
"Professor Yakubu stated this during the 12th National delegates Conference of the Forum of State Independent Electoral Commissions of Nigeria held in Jos, Plateau State Capital.",Ọ̀jọ̀gbọ́n Yakubu sọ ọ̀rọ̀ yìí níbi ìpàdè Àjọ àwọn elétò ìdìbò ẹlẹ́kejìlá irúu rẹ̀ tó wáyé ní Jos olú ìpìnlẹ̀ Pleateu.
"The Chairman, who was represented by the Commission National Commission, National Commissioner and Chairman Information and Voter Education Committee, Festus Okoye said the current legal framework creates uncertainty and undermine the people’s confidence.","Alága tí àwọn lọ́ọ̀gálọ́ọ̀ga lọ ṣojú fún bí Alága àjọ tó ń ṣe àmójútó, Alága fún àwọn kọmíṣọ́ná àti Olùpolongo àti ọ̀gá lẹ́ka ìkọ́èkọ́ nípa ètò ìdìbò, Ọ̀gbéni Festus ní ìlànà yìí fé ní ọwọ́ àbòsí nínú tí kò sì fẹ́ jẹ́ ḱi àwọn ènìyàn ní ìgbàgbọ́ nínú wọn."
He made a case for an electoral law that would ensure the settlement of all pre-election matters at least sixty days before the commencement of an election.,"Ó ní Àjọ yìí ń ṣe àtúngbéyẹ̀wò tí yóò yanjú gbogbo àwọn awuyewuye tí ó ńṣẹ́ yọ kí á tó dìbò, ó kéré tán Ọgọ́ta ọjọ́ sí ìdìbò."
Professor Yakubu noted that party nomination had a tremendous impact on the preparations and conduct of election.,Ọ̀jọ̀gbọ̀n Yakubu ní eni tí Ẹgbẹ́ bá yàn ní ètọ̀ láti má gbaradì fún ìdìbò.
The INEC Boss added that removing names and logos of political parties and changing the names of party’s candidates until the eve of election an account of court orders and pronouncement is very problematic and confusing.,Ọ̀gá àgbà yìí tún ṣe kìlọ̀-kìlọ̀ pé yíyọ Orúkọ àti àmì ẹgbẹ́ òṣèlú àti pípàrọ̀ orúko aṣojú ẹgbẹ́ títí dí ọjọ́ kejì ìbò ní ìdarí àṣẹ ilé-ẹjọ́ àti polongo jẹ́ wàhálà àti ìdàmú.
There is a need to maintain peaceful and cordial relationship and obedience to the constituted authorities to fast-track development in any society.,A nílò láti máa gbé nínú ìrẹ́pọ̀ kí ìdàgbàsókè ó lè dé àgbègbè wa.
"This was the talking point of the Chairman of Ojokoro Local Council Development Area, Mr. Hammed Idowu Tijani in a message to the annual Ramadan lecture of the unified local government Muslim staff at the council secretariat in Ojokoro.","Gbólóhùn yìí ló ti ẹnu Alága ìdàgbàsókè Òjokòro Ọ̀gbẹ́ni Hammed Ìdòwú Tìjání wá, níbi wáàsí Àwè tó wáyé nínú ogbà káńsùlù wọn tó sì ń pàrọwà fún àwọn Òṣìṣè láti fi Ìmọ̀ sọ̀kan."
"The chairman who commended all members of staff of the Islamic faith in the council for peaceful manner in which they always conduct themselves and the cordial relationship being maintained with other religious groups, noted that Ramadan is for the cleansing of our bodies and souls with fasting and prayers for the spiritual renewal.","Alága gbé oríyìn fún gbogbo ọmọ ẹgbẹ́ tí ń ṣe iṣẹ́ mùsùlùmí òdodo pẹ̀lú ìwà pẹ̀lẹ́ ní gbogbo ìgbà niwọ́n má ń tọ́jú ara wọn pẹ̀lú ìbáṣepọ̀ tó dán mánrán tíwọn gbé ṣe pẹ̀lú àwọn ẹgbẹ́ ẹlẹ́sìn míràn, tún rán wọn létí pé àsìkò Ramadan jẹ́ èyí tí a fí nfọ Ọkàn àti ara mọ́ àti pẹ̀lú kámá ní ìwà rere sí omolàkejì láì wo ti Ẹ̀sìn tàbí Ìwà."
"He assure staff of the council, the continuous support of his administration towards the enhancement of the general welfares of every staff.",Bákań náà ló tún rọ̀ wọ́n láti má ṣe àtìlẹ́yìn tóyẹ ju ti tẹ́lẹ̀ lọ fún ìṣèjọba òun kí àwọn le ṣe àṣeyorì nítorí pé (Ẹnikan ki jẹ Awade)
"The council boss also expressed his excitement at the resounding Spiritual exploit of the renowned Islamic scholar, His Eminence Fadeelat Sheik (Dr.) Muyideen Ajani Bello carry’s, who was the guest speaker for the programme.",Ọ̀gbẹ́ni Tijani kò ṣàì dúpẹ́ lọ́wọ́ Ọníwáàsí ọjọ́ náà ìyẹn Fadiilat Sheik Ajani Bello fún Oúnjẹ èmí t́i wọ́n fi bọ́ wọ́n.
"President MuhammaduBuhari has inaugurated the Governing Board of the North East Development Commission, NEDC headed by retired Major General Paul Tarfa as the Chairman.",Àarẹ Mohammadu Buhari ti ṣe ìfilọ́lẹ̀ àwọn tí yóò máa ṣe àmójútó ìdàgbàsókè Àríwá Gúsù tó sì ti yan Ajagun fẹ̀yìntì Paul Tarfa gẹ́gẹ́ bí alága wọn.
"According to the President, the mandate of the commission is rebuilding the north east ravaged by the Boko Haram insurgency.",Nínú ọ̀rọ̀ Àarẹ ló ti ní ó yẹ kí irú àgbékalẹ̀ yìí ó wà lágbègbè ọ̀hún kí wọ́n le mójútó bí wọn yóò ṣe ṣẹ́gun àwọn Apanilékún Boko Haram tó ńda àlááfìa ilù wọn láàmú.
"While inaugurating the board at the council chamber in Abuja, President Buhari said that the establishment of the commission was in appreciation of the massive electoral support he received from the zone in the 2015 and 2019 general elections.",Ààrẹ ni àwọn ṣe èyí láti fi ẹ̀mí ìmoore hàn sí àwọn Ènìyàn yìí fún bí wọ́n ṣe fi ìbò gbé òwun wọlé 2015 àti 2019 ó sọ ọ̀rọ̀ ìfẹ̀mímoore hàn nígbà tó ńṣe ìbúra fún àwọn ikọ̀ yìí .
He said the board would assess coordination and harmonies and report all the intervention programmes and initiatives of the federal government to avoid duplication of effort and waste of scarce resources.,Aarẹ Buhari ní àwọn ikọ̀ yìí o ma jábọ̀ fún ìjọba tí wọ́n o ṣì maa ṣe ètò ìlanilóyẹ ìrónílágbára àti amáyédẹrùn tí àwọn dúkià ìjọba kò fi ní maa ṣòfò mọ́.
The President further explained that the inauguration of the commission was in fulfilment of the pledge of his administration to the people of the north-east geo-political zone and as part of the strategy for regenerating the socio-economic potentials of the geo-political zone after the devastating of the Boko Haram insurgency.,"Ó tẹnúmọ pe ìgbésè yíyan àwọn ènìyàn tí yóò ma ṣóju ìjọba, àti pé ó wà lára ìlérí tòún ṣe lásìkò ìpolongo ìbò láti mú ìdàgbàsókè bá ọrọ̀ ajé wọn kí ìpín tí́wọ́n náà le tẹ̀wọ́n lọ́wọ́ lẹ́yìn tí wọ́n bá ti rẹ́yìn àwọn ikọ̀ Boko-Haram."
"The Economic and Financial Crimes Commission, EFCC has promised to continue its current probe of the tenure of Senate President, Bukola Saraki when he was governor of Kwara State from 2003 to 2011.","Àjọ tó ń gbógún ti ìṣowó ìlú mọ́ku-mọ̀ku tí ní àwọn ṣì ńtẹ̀síwájú nínú ìwáàdí bí Àarẹ ilé ìgbìmọ̀ aṣòfin, Bukola Saraki, ṣe ná owó nígbà tó ṣe Gómìnà ìpínlè Kwara lọ́dún 2003 si 2011."
The anti-graft agency said that it has the mandate to get rid of the country of corruption no matter who is involved.,Àjọ yìí ní àwọn ò ní dẹ̀yìn níbi ìwáàdí ìwà àjẹbánu láì wo irúfẹ́ ipò tàbí àyè tí t̀í eni ọ̀hún lè jẹ́.
It said the Senate President has no need to be afraid as long as he has no skeleton in his cupboard.,Ténìyàn ò ba ṣe ohun Etùfù kòyẹ kó kíyèsí èhìnkùléni Àjọ yìí sọ fún Ààrẹ ilé ìgbìmọ̀ Aṣòfin.
"The agency which made this known through its Acting Head of Media and Publicity, Mr. Tony Orilade said it will conduct a legitimate forensic inquiry into Saraki’s tenure as governor.",Tony Oríkóládé tó jẹ́ Olórí léka ìròyìn fún àjọ (EFCC) ní àwọn yóò ṣe ìwá ìfín ìdikóko bí ó ṣe náa owó ìpìnlẹ̀ Kwara nígbà tó ńṣe Gómìnà ní ìpìnlẹ̀ kwara.
"Meanwhile, Senate President Saraki has alleged that EFCC’s inquest was a plot to intimidate and frame him up.",(Ọmọ aifọ lorò ńgbé) lómú Aṣòfin Bùkọ́lá Sàràkí fèsì pé Ìròyìn àgbélẹ̀ro àti ìbanilórúkó jẹ́ lásán ni ọ̀rọ̀ yìí.
"The Senate has confirmed the appointment of the former Deputy Governor of the Central Bank of Nigeria, Mr. Tunde Lemo as the Chairman of the Federal Road Maintenance Agency. The lawmakers adopted the reports of the committee on FERMA recommending Mr. Tunde Lemo and seven others for the agency’s board.","Àwọn Aṣòfin ti yan igbákejì Ọ̀gá àgbà tẹ́lẹ̀rí fún ilé ìfowópamọ́ Erinlónibú orílẹ̀ èdè wa Ọ̀gbẹ́ni Túndé Lemo gẹ́gẹ́bí Alága fún Àjọ tó ńṣe àtúnṣe àwọn òpópónà tó jẹ́ ti ìjọba àpapọ̀, Àwọn aṣòfin tẹ́wọ́gba àbọ̀ áwọn ìgbìmọ̀ (FERMA) tí wọ́n fi ẹnu kòsí yíyan Lema gẹ́gẹ́bí alága wọn pẹ̀lú àwọn méje mìíràn láti máa ṣe ìṣàkóso."
"Nurudeen Rafindadi was confirmed as the Managing Director, the Executive Directors are Buba Abdullahi Babagana Aji, Shah Abdullah, Loretta Aniagolu, Mujeedu Dako and Vincent Kolawole.","Nurudeen Rafindadi ni wọ́n yàn sí ipò Olùdarí Àgbà fún àjọ yìí àti àwọn tí wọn yóò jọ ṣiṣé pọ̀ bí Buba Abdulahi Babangana Aji,Sha Abdulahi,Lorreta Aniagholu,Mujideen Dako àti Ọ̀gbẹ́ni Vincent Kọ́láwọlé."
"The Chairman of the committee, Senator Magnus Abe, said the panel found the nominees worthy of the appointments during their screening.","Alága Ìgbìmọ̀ yìí Senator Magnus Abe ní, nínú ìwáàdí làwọn tí ríi pé àwọn ènìyàn yìí yẹ ní ipò Aládarí yìí."
"The Federal Executive Council FEC, has approved over nine hundred million naira for building residential accommodation for the Nigeria Customs Services.",Àjọ orílẹ̀ èdè tì buwọ́lu owó rọ̀gùn-rọ́gún Ọgọ́rùnmẹ́sà án Million Naira láti fi kọ́ ilé tó bójúmu fún àwọn Aṣọ́bodè ilẹ̀ wa.
"The Minister of Finance, Mrs. Zainab Ahmed disclosed this after the Federal Executive Council meeting presided over by President MuhammaduBuhari in State House Abuja.",Ḿinísítà fún ètò Ìṣúná Abilékọ Zainab Ahmeed ló kéde ọ̀rọ̀ yìí lẹ́yìn ìpàdé ìfẹnukò láàárín Àjọ yìí pèlú Àarẹ Mohammadu Buhari ní ilé ìjọba láàbújá.
Mrs. Ahmed said the customs is acquiring an estate that has a total of forty-two flats and the total cost is over one hundred and fifty two million per block of six units.,Ahmeed ní àwọn Aṣọ́bodè ti ń bèèrè fún ilé olówópọ́ọ́kú aládàáni méjìlélógójì tí iye tí yóò si parí ọ̀kòokan jẹ́ Ọgọ́rùn-ùn-márùn-ùn lélàáadọ́ta mílíònù fún igun kọ̀òkan tí àpapọ̀ ẹ sì jẹ́ búlókù méfà.
"She added that the custom service also got approval to procure modern communication gadgets like HF radio, walker talkie, cable towers and other accessories at the cost of over two hundred million naira.","Ó ṣe àfikún pé àwọn ẹ̀ṣó aṣọ́bodè yìí léètó sí àwọn èèlò ìkàn síraeni bíi Rédíò aláàgbéká,Ẹ̀̀ro ìbánisọ̀rọ̀ aláàgbérín,okùn afainá àti èròjà míì tí iye owó rẹ̀ jé Mílíònù Méjì Náírà."
The Minister of Finance said these gadgets will help the customs to tackle smuggling and other illegal economic activities.,Mínísítà ní àwọn èèlò yìí yóò ṣe ìrànwọ́ fún àwọn ẹṣọ́ yìí láti dá àwọn Onífàyàwó lẹ́kun àti wíwọlé sílẹ̀yí lọ́nà tí kò bá òfin mu.
"The International Code Council of Nigeria, (ICC-NNC),Chief Operating Officer,Mr Joseph Otejere,has said that compliance to Codes and Standards was key to avoiding building collapse in the country.",Àjọ àgbáyé tó ń ṣe ìgbéléwọ̀n ilé kíkọ́ lórílẹ̀ èdè yìí (ICC-NNC)ọ̀gá àgbà kan léka yìí Ọ̀gbẹ́ni Joseph Otejere ní títẹ̀lé ìlànà àjọ yìí ni a filè dẹ́kun ilé wíwó.
"Mr. Otejere who made the assertion in an interview with newsmen in Lagos on building collapse as heavy rainfall sets in, said there is a situation in Nigeria where professionals and developers are not really adhering to building codes and standards.","Otejere ní ọ̀pọ̀ àwọn ọ̀ṣìṣẹ́ kọ́lé-kọ́lé àti àwọn Agbalékọ (DEVELOPER)ni wọn kìí tẹ̀lé ìlànà ilé kíkọ́, ọ̀rọ̀ yìí ló sọ fún àwọn Akọ̀ròyìn níbi ìṣẹ̀lẹ̀ ilé kan tó dàwó lulẹ̀ ní ìpìnlẹ̀ Èkó nìgbá tì òjò ńlá bèrè."
"He said consideration must be given to the fact that Nigeria has different building terrains, especially when it has to do with high rise buildings and care must be taken to ensure that the design is tailored to the structure as well as ensuring that construction there will be in compliance to codes and standards.",Ó sọ nínú ọ̀rọ̀ rè pé oríṣiríṣi ọ̀nà là ńlò fi kọ́lé nílè wa pàápàá àwọn ilé tóbájẹ́ gogoro lóyẹ kí wọ́n ya àwòrán fún un kó lè yé wọn dáadáa kó tó di pé wọn o bẹ̀rẹ̀ síní kọ́ọ àti pé títèlé ìlànà òfin ilé kíkọ́ ṣe pàtàkì.
"He said that certification of the designs done by certified code officials is important to make sure it complied with codes and standards,noted that there was also the International Building Code which Nigeria could adopt and apply.","Ó ní ó yẹ kí wọ́n máa tọ àwọn Akọ́ṣẹ́mọṣẹ́ lọ láti mọ̀ nípa ìlànà àti òfin, ó tún gba wọ́n níyànjú pé àwọn ìlànà ìkọ́lé ni àwọn ìlu ńlá-ńlá tí àwa náà lè máa lò láti fi kọ́lé tí yóò fi wá lọ́kàn balẹ̀ nígbà òjò tàbi nígbà ẹ̀ẹ̀rùn."
He added that investigation into the recent building that collapsed in Port Harcourt was traced to the contractor adding structures to the building that were not approved.,Ó ṣàlàyé nípa ìṣẹ̀lè ilé kan tó wó ní ìlu Port Harcourt ó ní ìwáàdí ló jẹ́ kí wọ́n mọ̀ pé àìkúnjú òṣùwọ̀n àgbaṣẹ́se ló fa ìṣẹ̀lẹ̀ òhun.
"Ambassador of Democratic People’s Republic of Korea, DPRK, to Nigeria, Mr Jon Tong Chol has called for closer working relations with Nigeria to achieve meaningful growth.",Adarí fún Orílẹ̀ èdè olómìnira Korea sí ilẹ̀ wa Nigeria Ọ̀gbẹ́ni Jon Tong Chol ti pe fún ìfọwọ́sowọ́pọ̀ ṣiṣẹ́ láàárín ilẹ̀ Korea àti Nàìjíríà fún ìdàgbàsókè tó lọ́ọ̀ọ̀riin
"He made the call in his address at the reception organised to mark the 107th birthday of Kim Il Sung, by the embassy in Abuja.",Ó pe ìpè yìí níbi Àpèjẹ ọjọ́ ìbí ọdúnmétàdínláàdọ́fà tí wọn ṣe fún Kim II Sung tí ilé àwọn ilè àṣe ì́lu òhún tó wà ní ílù Àbújá ṣe fún.
"Mr. Jon, who spoke through Mr Kim Chin Il, First Secretary of the Embassy, an interpreter, said although DPRK had established a relationship with Nigeria, much could be done to deepen it.","Ọ̀gbẹ́ni Jon tó gbẹnusọ fún Kim Chin ll tó jé Akọ̀wé àti Ògbùfọ̀ ni, ó ti pẹ̀ tí àjọṣepọ̀ ti wà láàárín orílẹ́ èdè méjèjì yìí àti pé wọ́n fẹ́ kó tún fi ẹsẹ̀ rinlẹ̀ ju ti àtẹ̀yìnwá lọ."
"Nigeria- map According to him, DPRK and Nigeria have a long standing relationship owing to the platform created by Kim Il Sung and Kim Jong Il, the country’s founding fathers.",Agbẹnusọ yìí ní táabá wò dáadáa a o ri pé nínú Àsía orílè èdè Korea àti Nàìjíríà ní ìbádọ̀rẹ́ ọlójọ́ pípé tiwà láti ayé Kim ll Sung àti Kim Jon tí wọ́n jẹ́ bàbá ń́lá wọn.
He disclosed that traditional relationships of friendship and cooperation between the Federal Republic of Nigeria and DPKR have further been consolidated and developed.,"Láàkótán ó ní, ìbáṣepò Àṣà àti ìdọ́ọrépọ̀ wa sì n tèsíwájú."
The military leaders who carried out a coup in Sudan yesterday have sought to reassure people that their only concern is public order.,Àwọn jagun-jagun tí wọ́n dìtẹ̀ gbà ìjoba ti ṣe ìlérí pé gbígbà tí àwọn gba ìjọba ní ìbámu pẹ̀lú ìfẹ́-inú àwọn ara ilú.
A spokesman said Sudan's future would be decided by the protesters who took to the streets to demand President Omar al-Bashir's removal.,"Wọ́n ní ọwọ́ ará ilú ni àṣẹ wà bóyá wọ́n ṣì ń fẹ́ Àarẹ yìí nítorí pé àwọn ni wọ́n bọ́síta láti ṣe ìfi èhónú hàn pé kí wọ́n yọ Aarẹ Ọrílẹ̀ èdè wọn, ìyẹn Omar al Bashir."
"But protesters remain camped out in the streets of Khartoum, fearing the coup leaders are too close to Mr Bashir.","Àwọn olùwọ́de kó ara wọn jọ sí agbègbè kan ní àdúgbò Khartoum, bí wọ́n ṣe ńfura pé olórí àwọn adìtẹ̀ gba ìjọba ọ̀hún leè súnmọ́ ọ̀gbẹ́ni Bashir pẹ́kípẹ́kí."
"The military says it will not extradite him on war crimes charges. Issued by the International Criminal Court, ICC, which accuses him of organising war crimes and crimes against humanity in Sudan's Darfur region between 2003 and 2008.",Àwọn Ológun ní àwọn ò ní tẹ̀lé ẹ̀sùn tí àjọ Àgbáyé fi kàn án ní ilé ẹjọ́ pé ó ńṣi agbára lò lórí àwọn ara ilú lágbègbè Sudan Darfur lọ́dún 2003 sí 2008.
"However, he may be put on trial inside Sudan, according to the military council set up after the coup.","Nítorí náà, wọn leè fàá fún ìjẹ́jọ́ ní inú ìlú sudan, gẹ́gẹ́ bí àlàkalẹ̀ ìgbìmọ̀ tí ológun adìtẹ̀ gbàjọba gbé kalẹ̀"
His downfall followed months of unrest which began in December over the rising cost of living. At least 38 people have died in the protests.,"Ìṣubú ìjọba yìí ni wọ́n ní kòsé lẹ́yìn òwón gógó ọjà tó ti ń ṣẹlẹ̀ láti ọṣù díẹ̀ sẹ́yìn, tí ènìyàn méjìdínlógójí sì ti bá ìṣẹ̀lẹ̀ òhún lọ."
"The army has said it will oversee a transitional period followed by elections. As part of this, it is imposing a three-month state of emergency, with the constitution suspended.",Àwọn jagun-jagun ní àwọn yóò ma darí ilú títí tí ìdìbò yóò fi wáyé tósì tún kéde kónílégbélé olóṣù mẹ́ta.
"The military council will be in place for a maximum of two years, it says, but could last only a month if the transition to civilian rule is managed smoothly.","Ológun ni yóò ma darí fún Odún méjì, ṣùgbọ́n wọ́n ní ólè máju osù kan lọ tí ọ̀rọ̀ àwọn Olóṣèlu bá yé ra wọn lásìkò."
"Thirteen thousand, seven hundred and fifty vehicles belonging to commissioners, lawmakers, clerics and others were impounded after being caught by the newly introduced Automatic Number Plate Recognition camera for violating the Lagos State Traffic Law between January and March 2019.","Ó dín díè Lógóje-Ẹgbẹ̀rún ọkọ̀ ló ti lu òfin ìrìnà ní ipìnlẹ̀ Èkó, tí àwọn ọkọ̀ yìí sì jẹ́ ti àwọn Kọmíṣọ́ná, Aṣòfin, Òjíṣẹ́ Olúwa àti àwọn míì ní wọ́n tiṣẹ̀ sí òfin ìrìnnà ọkọ̀ ìpìnlẹ̀ èkó láàárín oṣù kínní sí ìkẹta ọdún 2019 tí ẹ̀rọ titun tí mú nọ́uńbà ọkọ̀ sì mú nóuńbà ọkọ̀ wọn silẹ̀."
"Explaining how the vehicles were impounded for violating the traffic law, Director, Vehicle Inspection Service, Gbolahan Toriola said that the new technology, ANPR camera, captures the number plate of vehicles and records them into its system after which they are synchronized with a database platform already provided.",Ọ̀gbẹ́ni Gbọ́láhàn Toríọlá tó jẹ́ olùdarí àwọn ẹ̀ṣọ́ yìí ní ẹ̀rọ tó ń ṣọ́ lílọ bíbọ̀ ọkọ̀ ló ti mú nóuńba àwọn ọkọ̀ yìí sílẹ̀ nígbà tí wọ́n ṣẹ̀ sí òfin ìrìnnà ó ní ẹ̀rọ yìí náà ló jẹ́kí wọ́n mọ orúkọ àti irúfẹ́ àwọn ènìyàn tí wọ́n jẹ́.
"Mr. Toriola disclosed that when an offender could not be found or does not respond with prompt payment within 7 days, he will be blacklisted and charged to the mobile court in addition with 100 percent increment in the fine.","Toríọlá ní, tí arúfin kan bákọ̀ láti wá jẹ́jọ́ lẹ́yìn ọjọ́ méje pé, wọn ó fi orúkọ rẹ̀ sí ìwé ìbanilórúkọ jẹ́ wọn ósì tún gbée lọ ilé-ẹjọ́ aláágbéká pelu ẹ́kúnwó ìtanràn rè yóò tún lé sí ìdá/ọgọ́rùn-ùn."
He stressed that the camera was launched after a number of pilot schemes to test its efficiency considering the nature of Lagos road network.,Ó ní lẹ́yìn àyẹ̀wò agbára ẹ̀rọ yìí lómú káwọn ṣe ìfilọ́lẹ̀ sí ojúnà ìpínlẹ̀ Èkó.
"The ban on Okada and Tricycle should be seen as a measure by Lagos State Government to address prevailing security challenges in the state, as it was done to protect life and properties of Lagosians.",Fífi òfin de àwọn ọlọ́kadà àti kẹ́kẹ́ ẹlẹ́sẹ̀ mẹ́ta ní ìjọba ti ṣe àpèjúwe bí ojúnà ìdábò bò ará ìlú Eko áti dúkìá wọn.
"That was the submission of the Chairman of Badagry West Local Council Development Area, LCDA, Mr. Joseph Gbenu Henugbe while reacting to questions from newsmen on the hardship being experienced by Lagosians.",Àkó ọ̀rọ̀ yìí Alága ìdàgbàsókè ìwọ̀-òòrùn Àgbádárìgì Ọgbẹ́ni joseph Gbenú Henugbe nigbati o n dahun sii ibere àwọn Akọròyìn nípa ìnira tí òfin ọ̀hun múbá ará ìlú.
"Mr. Gbenu-Henugbe said that though Okada and Tricycles have been embraced by Lagosians as a fast means of transportation due to traffic gridlock, it does not make it the only alternative means of transportation.",Lóòótó Ọ̀kadà àti kẹ̀kẹ́ ẹlẹ́sẹ̀ mẹ́ta ni ó jẹ́ ọ̀nà tí ó yára fún àwọn èniyàn láti bọ́ lọ̀wọ̀ súnkẹrẹ- fàkẹ̀rẹ lójú pópó síbẹ̀ kíì ṣe ojúùtú sí ìṣòro.
The council boss noted that with the massive rehabilitation and construction of roads embarked by the administration of Mr. Babajide Sanwo-Olu traffic gridlock will be a thing of the past.,Alága ní pẹ̀lú àwọn Àkànṣe ọ̀nà tí Gómìnà Sanwó-Olú ń ṣe yìí o mú ìdàgbàsókè àti ìrọ̀rùn bá arà ìlú.
The Lagos State Government has advised all travellers returning from China or exposed to travellers from China or any country where cases of Corona-virus have been reported to observe self-quarantine on arrival in Lagos.,"Ìjọba ìpínlẹ̀ ti ké gbàǹjarè sí etí àwọn arìn-ìrìn àjò sí orílẹ̀ Ọ̀jọ̀gbọ́n tàbí ní ìbáṣepọ̀ pẹ̀lú Ọmọ ilẹ̀ China, kó tètè jọ̀wọ́ ara sí ibùdó àyẹ̀wò látárí àìsàn Corona-virus tó ti China wa."
"The state government in a public advisory issue today through the state Commissioner for Health, Professor Akin Abayomi noted that unsupervised self-quarantine for travellers is the first step in containing Corona-virus in the state.",Kọmísọ́na fún ètò ìIera Ọ̀jọ̀gbọ́n Akin Àbáyòmí ní dídá ṣe ìtọ́jú ẹni léwu pùpọ́ lórí àìsàn Corona tí àwọn arìnrìn àjò ń ṣe òun ni ìgbésẹ̀ kínní láti kó àrùn yìí.
He said that the aim is to protect individuals who may have been exposed and the general public.,O ní wọn sọ èyí láti dáàbòbo olúkúlùkù àti láti máa bá gbá áìsàn yii láàyè.
"While giving further details on the self-quarantine strategy, the Commissioner explained that persons observing self-quarantine must stay as home during the whole duration and must avoid workplace, minimize contact with visitors, refrain from attending public or social function and must not ride or fly in any mode of public transportation","O tẹ̀síwájú pé ẹnikẹ́ni tó bá fẹ́ ṣe ìtọ́jú fún ara rẹ̀ gbódọ̀ jóòko sílé láìgba àlejò tábí lọsí àwùjọ ọ̀pọ̀ ènìyàn, Ó gbọdọ̀ sáfún àwùjọ ọ̀pọ̀ ènìyàn kò sì gbọdọ̀ wọ ọkọ̀ èrò tàbí ọkọ̀ ojú òfurufú."
"Professor Abayomi urged citizens to disregard the misinformation as well as any other information about the virus that did not emanate from his office, the state ministry, federal",Ọ̀jọ̀gbọ́n Àbáyọ̀mí rọ àwọn ará ìlu láti kọ̀yìn sí ìròyìn tí kò báti ọ́físì Àjọ elètò ìlera jáde.
Hoodlums that currently occupy the present site allocated for the proposed Senior Secondary School in Otumara in Lagos Mainland have been advised to quit the land.,Àwọn ọmọ ìsọ̀ta tí n ṣọbà lórí ilẹ̀ tí wọ́n yà sọ́tọ̀ fún ilé ẹ̀kọ́ Girama ní Òtúmarà ni èbúté mẹ́ta ní ìlú èkó ni wọ́n ti gbà ní ìmòràn pé kí wọn kúrò ní orí ilẹ̀ náà.
"Baale Otumara Two, Chief Kehinde Kalejaiye offered the advice in a chat with newsmen in Lagos.",Baálẹ̀ Kẹhinde Kalẹ̀jayé ló gba àwọn Oníròyìn nímọ̀ràn ọ̀rọ̀ yìí ní ìlú èkó.
He said that the proposed land was allocated for six primary schools during the Jakande administration and only two were later constructed on the site.,"O ní, ilẹ̀ yìí ni ìjọba ti yàà sọ́tọ̀ fùn ilé ìwé aláàkọ́bẹ̀rẹ̀ mẹ́fà lásìkò ìṣèjọba Jakande tósì jẹ́pé méjì ní wọn le parí nínú rẹ̀."
Chief Kalejaiye explained that he was surprised that the rest of the land was occupied by hoodlums with construction of shanties on the land.,Olóyè Kalẹ̀jayé ní ó wá jẹ́ ohun ìyàlẹ́nu pe ìyókùn nínú ilẹ̀ náà ni àwọn ọmọ asùnta ti wá sọ ibẹ̀ di ibùgbé.
Chief Kalejaiye stated that the defence put up by those opposing the project that the land was allocated for market is untrue.,"O tako ìròyìn kan tóní wọn ti ya ilẹ̀ náà sọ́tọ̀ fún ilẹ̀ Ọjà, Kalẹjaye ní irọ́ pátápátá gbáni."
"The traditional ruler commended Governor Babajide Sanwo-Olu, Chairman Lagos Mainland Local government Mr Omolola Essien and Mr. Oladele Adekanye for their support for the programme.","Baálẹ̀ gbóríyìn fún Gómìnà Sanẃó-Olu, Alaga Dainland Abilékọ Ọmọlọlá Essien àti Ọ̀gbẹ́ni Adekanye fún àdúrótì wọn lórí ètò yìí."
The Lagos State Government has renewed calls for the conservation of wetlands resources in the state because they represent a critical past of the natural environment.,Ìjọba ìpínlè Èkó ti tún bẹ̀rẹ̀ ìtanijí lórí àwọn ilẹ̀ olómi fún àwọn nǹkan Àlùmọ́nì tó nbẹ nínú rẹ̀.
Mr Bello said that Lagos State is seizing the opportunity of the World Wetlands Day to sensitize Lagosians on the importance of wetlands calling for more community participation in wetlands management and conservation in the state.,"Ọ̀gbẹ́ni Bello ní ìpínlẹ̀ Èkó fi àsìkò yìí la àwọn ènìyàn lọ́yẹ̀ lórí iwúlò àti Àlùmọ́nì tó fi ara sin sínú omi, wọn w ápè àwọn àgbègbè tókùn kí wọn wá darapọ̀ mọ́ wọn nínú ìgbélárugẹ oun àlùmọ́nì tó fara sin sínú omi."
"He stressed that wetlands are a blessing to the communities where they exist because they serve as water reservoirs, fertile for food and vegetable production, handcrafts and shelter adding that they provide abodes for cultural, recreational and tourist activities.","O tẹ̀síwájú pé ìkẹ́ ni àwọn ilẹ̀ yìí jẹ́ fún àláàdúgbò tó bá wà nítorí pé ó dára fún Ọ̀gbìn ewébẹ̀, iṣẹ́ ọnà àti àwọn nǹkan mère mère míràn bíi ibi ìgbàfẹ́."
Mr. Bello stated that the state government would set up its monitoring and advocacy programmes and ensure stakeholders collaboration for the protection of the state’s wetland resources.,Ọ̀gbẹ́ni Bello ní ìjọba yóò dá ètò ìmójútó àti ìpolongo sílẹ̀ láti ríi pé àwọn ènìyàn jànkàn jànkàn láwùjọ yóò fọwọ́sowọ́pọ̀ pẹ̀lú wọn láti dáàbò bo oun alumoni ti ipinlẹ yii ri ninu omi.
"The Lagos State Chairman of Road Transport Employers Association of Nigeria, Alhaji Musa Muhammed has warned members of the association not to take advantage of the ban on okada and tricycles in some parts of the state to hike transport fare.",Alága ẹgbẹ́ àwọn awakọ RTEAN lórílè èdè yìí Alhaji Musa Mohammed ti kìlọ̀ fún àwọn Awakọ̀ láti máṣe gbé owó lé ọkọ̀ látàrí kíkó tí ìjọba kó kẹ̀kẹ́ Marwa kúrò nílẹ̀
He gave the warning in a statement issued in Lagos today said that any of its members that caught hike fare would be dealt with in accordance with the association law.,Ó sọ ọ̀rọ̀ yìí níbi tí ilé ẹ̀kó ìpoògùn ti ìjọba ìpínlẹ̀ Èkò tí wọn tún fi àmì ẹ̀ye dá Gómìnà lọ́lá tí òun naa sì tún se ìlérí pé òun yóò túnbọ̀ teramọ ìgbélárugẹ ètò ẹ̀kọ́.
The Senate has directed the Federal Airport authority of Nigeria to beef up security around all the airports in the country to check menace of drug trafficking and other security breaches.,Ilé ìgbìmọ̀ aṣòfin ti páláṣẹ fún àwọn ẹ̀ṣọ́ aláàbò ti pápákọ̀ òfurufú ti ìjọba Àpapọ̀ láti se ìmójútọ́ àti fífi ara balẹ̀ ṣe ìwáàdí àwọn tó n gbé egbògi olóró àti lẹ́ka mìíràn tí iṣè wọn jẹmọ́ o.
The Senate also urged the agency to always acknowledge only accredited personnel to be allowed in restricted areas of the airport.,Àwọn Aṣòfin ní àwọn tí àyẹ̀wò bá kún ojú òṣùwọ̀n nìkan lóní ẹ̀tó láti dúró láwọn agbègbè yìí.
"The Senate passed the resolution following a motion entitled the need to strengthen security at the airports sponsored by Senator Ibahim Olulegba as other seven lawmakers leading the debate on the motion, senator Olulegbe recalled how a Nigerian Zainab Aliyu was mistakenly arrested by the Saudi drug Enforcement Agency.","ilé ìgbìmọ̀ Aṣòfin buwó lu àbá tí Aṣòfin Ibrahim Olúlégba gbé sí iwájú wọn, tí àwọn aṣòfin méje mìí tún kín n lẹ́yìn, bákan náà lótún mú ẹnu ba ṣíṣì tí wọn ṣí Ọmọdébìrin Zainab Aliyu mú ní Saudi Arabia pé ó gbé egbògi olóró."
He expressed joy that Aliyu and two other Nigerians were saved from execution by the Saudi government due to the prompt interventions that proved that they had no knowledge of the drugs in their luggage.,Ò fi ìdùnnú rẹ̀ hàn bí orí ṣe kó Aliyu àti àwọn meji mìí yọ lọ́wọ́ ikú àìmọ̀dí lẹ́yìn ìwáàdí tó fìdí rẹ̀ múlẹ̀ pé wọn kòmọ bí egbògi olóró náà ṣe dé inú àpamọ́ wọn.
The continuation of the reconstruction of Lagos-Badagry expressway has begun.,Àtúnṣe ojúnà Àgbádárìgì ti tún bẹ̀rẹ̀.
"The Deputy Governor, Dr. Obafemi Hamzat flagged-off the next phase of the reconstruction of the road project at the Lagos International Trade Fair Complex along Badagry expressway, Lagos.",Igbákejì Gòmìnà Dókítà Ọbáfẹ́mi Hamsat ní àtúnṣe ọ̀hún bẹ̀rẹ̀ láti ọjà ńlá Trade fair lòjúnà márosè Àgbádárìgì.
Dr. Hamzat said the continuation of the next phase of the road re-construction would be between Agboju and the Lagos International Trade Fair.,Dókítà Hamsat ìṣíkejì ọ̀nà yóò láàrín Agboju sí traid fair.
He said that the road was to be extended from the original four lanes to ten lanes.,Ó ní ọ̀nà náà yóò fẹ̀ẹ̀ láti abala mẹ́rin tówà tẹ́lẹ̀ losí abala mẹ́ẹ̀wá.
He promised that the project would be completed by December this year.,Ó ṣe ìlérí pé àtúnṣe ọ̀wun yí parí nínú oṣù kejìlá ọdún.
"The Deputy governor however, appealed to road users in the state to show understanding and bear with the inconveniences the road construction might cause them.",lgbákejì Gómìnà rọ àwọn Awakọ̀ láti faradà ìnira tí àtúnṣe òhún le ma mú bá wọn .
He urged them to follow traffic rules and shun the act of driving against traffic otherwise known as ‘one way’ as this would result to traffic gridlock on the portion of roads where road users were meant to manage while the reconstruction last.,"Bákan náà ló ní kí wọn máa tẹ̀lé òfin kí wọ́n máṣe sáré àsápajúdé kí wọ́n sì rántí àwọn ẹlẹ́sè, kí àwọn ẹlẹ́sẹ̀ náà ó ṣẹ pẹ̀lẹ́-pẹ̀lẹ́ làsìkò àtúnṣe ọ̀nà yìí."
"The Deputy Governor also announced that the Federal Road Maintenance Agency, FERMA has collaborated with the Lagos State Government to reconstruct Igbor-Elerin to Agbara axis along the Lagos-Badagry expressway.",Ó fikún ọ̀rọ̀ rẹ̀ wí pé ìfọwọ́sowọ́pọ̀ tiwà láàrín àwọn òṣìṣẹ́ẹ́ Àjọ atún ọ̀nà ṣe tó jé ti ìjọba Àpapọ̀ láti ṣe àtúnse ọ̀nà igbó elérin jáde sí Àgbárá.
"In a remark, the Permanent Secretary, Ministry of Works and Infrastructure, Mr. Olujimi Hotonu, explained that ten years into the re-construction of the Lagos-Badagry expressway, LOT, which was Eri-Moore to Mile Two and LOT2A segment One, that is Mile Two to Agboju had been completed.","Akọ̀wé àjọ Amúṣẹ́ṣe dúpé, Ọ̀gbẹ́ni Olujimi Hotonu ní, láti bí ọdún méwàá sẹ́yìn ni ọ̀nà yí ti nílò àtúnṣe."
"Lagos State Chapter of the Peoples Democratic Party, PDP, has demanded full compensation for the families of the dead and injured in the latest boat capsize that occurred on the state water ways along Badare-Ikorodu route.",Ẹgbẹ́ òṣẹ̀lú People Democtic Party (PDP) ẹkà t‘èkó ti ní ó yẹ kí Ìjọba se ìrànwọ́ fún àwọn ebí àwọn èrò tó pàdánù èmí wọn nínú Ọkọ̀ ojú-omi ni Agbègbè Bádóre Ìkòròdú
"In a statement issued by the party’s spokesperson, Mr. Taofik Gani, said the party demanded a thorough probe into the remote causes of the mishap and any one culpable should face prosecution.","Nínú ọ̀rọ̀ ti Agbẹnusọ fún ẹgbẹ́ yìí, Ọ̀gbẹ́ni Taofik Gani ní Ẹgbẹ́ Òṣèlú bere fún ìwáàdí múnádóko lórí ìṣẹ̀lẹ̀ yíi."
The statement said avoidable boat carnage has become a serial occurrence in the state water-ways killing high numbers of people.,Ó fi ọ̀rọ̀ náà léde pé ọkọ̀ ojú omi tí ó ń dànù lemọ́lemọ́ ní ẹka ojú ọ̀nà orí omi ti ṣe ikú pa ọ̀pọ̀lọpọ̀ ènìyàn.
"It advised Governor Babajide Sanwo-Olu to declare a state of emergency in the state waterways adding that waterways ambulance, lighting, life jackets and qualified operators should be provided.","Báakan náà lótún gba Gómìnà Sanwó-Olú lámòràn láti pèsè àwọn ohun èèlò ààbò ìrìnnà ọkọ̀ ojú omi bí aṣọ ìdáàbòbò, ọkọ̀ ìdóòlà èmí àti iná ọba tó mọ́lẹ̀ rokoṣo pẹ̀lú àwọn akọ́ṣẹ́mọṣẹ́ awakọ̀ ojú omi."
The statement also called Governor Sanwo-Olu’s attention to various inadequacies which abound and manifest in the delivery of services to Lagosians.,Ó tẹ̀síwájú pé kí Gómìnà Sanwó-Olú mójútó àwọn kùdìẹ-kùdìẹ ní tó nkójú àwọn olúgbé ìpínlẹ̀ èkó.
The significance of entrepreneurs in economic development of a nation cannot be overemphasised.,Ipa ribiribi ní isẹ́ ọwọ́ àti Ọgbọ́n àtinúdá ń mú bá ìdàgbàsókè ọrọ̀ ajé.
"Director-General of Federal Radio Corporation of Nigeria, Dr. Monsur Liman, who was represented by the Director National Broadcast Academy, NBA, Mr. Abiola Ajbola, stated this during the opening ceremony of the Academy’s Batch B Basic Training at GRA Ikeja, Lagos.",Olùdarí Àgbà fún ilé Ẹ̀kọ ìgbóhùn sáfẹ́fẹ́ Arákùnrin Abíólá Ajíbólá tó tẹnumọ́ ọ̀rọ̀ yìí nígbà tó ń ṣojú Ọ̀gá Àgbà pátá-pátá fún ilé isé Rédíò Ìjọba Àpapọ̀ Dọ́kítà Maosur Liman níbi ètò tí wọ́n fi ṣíde ìgbẹ̀kọ́ ọ̀wọ́ kejì àwọn akẹ́ẹ̀kọ́ nípa ìgbóhùn sáfẹ́fẹ́ tó wáyé nínú ọgbà ilé ẹ̀kọ́ òhún ní GRA Ìkẹjà.
Mr. Ajibola who urged the students to strive hard to be self employed considering challenges facing the country pledged to organize a seminar on @opportunity in Digital space’ before the end of the nine weeks training exercise.,"Arákùnrin Ajibọla rọ àwọn Akẹ́ẹ̀kọ́ pé kí wọn ríi pé wọn ṣiṣẹ́ takuntakun láti ríi pé wọn dá iṣẹ́ ti ara wọn sílẹ̀ kí wọn leè kojú ìṣòro àíríṣẹ ṣe tó débá orílèdè yìí, Ó sì ṣe ìlérí pé òun yóò dá ìdánilẹ́ẹ̀kọ́ kan sílẹ̀ láàrin ẹ̀kọ́ ọlọ́sẹ̀ mẹ́sàn án tí wọn ń ṣe lọ́wọ́"
He noted that the Academy recognised excellence and warned students to shun cultism and other vices.,Bákan náà lótún rọ àwọn Akẹ́ẹ̀kọ́ láti jẹ́ Ọmọlúwàbí kí wọ́n siì jìnnà sí ẹgbẹ òkùnkùn nítorí pé ẹgbẹ́kẹ́gbẹ́ ń ba ìwà rere jẹ́.
"Also speaking, representative of NBA Registrar, who is also head of administration, Mrs. Nkiruka Okiche, highlighted some of the rules and regulations and advised them to adhere strictly to them",Nínú ọ̀rọ̀ ti Ọ̀gá Àgbà fún gbogbo ẹ̀ka Abílekọ Nkiruka Okiche lòun ti ka ìlànà òfin iléìwé ọhún sí ẹtíìgbọ́ wọn.
"In a remark, Director of Academic Planning, Mr. Tanko Abdullahi advised the students to leave up to expectations and imbibe the spirit of embarking on research to broaden their horizon.",Ọ̀gbẹ́ni Tanko Abdulahi tóun jẹ́ Ọ̀gá léka Ìgbẹ̀kọ́ naa gbà wọ́n níyànjú láti ní ẹ̀mí àti máa ṣe ìwádìí lóòrèkórè.
"Lagos State Governor, Mr. Babajide Sanwo-Olu has assured the delegation of the Football governing Body, FIFA, of maximum security, smooth transportation, accommodation and crowd management in Lagos if Nigeria wins the bid to host FIFA Under Twenty Female World Cup.","Gomina Sanwó –Olú ti fi ọwọ́ ṣọ̀yà fún àwọn Agbábọ́ọ̀lù ikọ̀ Fífà pé kí wọ́n lọ fi ọkàn balẹ̀ pé ètò ààbò tó péye, lóri lílọ-bíbọ̀ ní ìrọ̀rùn, ilé ìgbè tó fini lọ́kàn balẹ̀ àti ṣíṣe àkóso láàrin ogunlọ́gọ̀ ènìyàn, ní ìlú Èkó, tí orílèdè Nàíjíríà bá gbé gbá orókè láti ọwọ́ Àjọ FIFA pé kí wọn lọ ṣe kòkárí àti gba ìdíje àwọn ọmọbìnrin tí ọjọ́ orí wọn kòju ogún ọdún wá sílẹ̀ lọ"
"Governor Sanwo-Olu stated this when the inspection team from FIFA led by the President Nigeria football Federation NFF Amaju Pinnick paid him a courtesy visit at the Lagos House, Ikeja.",Ọ̀rọ̀ yìí ló jáde lásìkò tí àwọn ikọ̀ tí ń ṣàbẹ̀wò láti Àjọ FIFA tí alága àwọn agbábọ́ọ̀lù ní orílèdè yìí NFF Amaju Pinnik darí wọn lọ ṣe àbẹ̀wò sí gómìnà lọ́ọ́fìsì rẹ̀ ní Ìkẹjà.
"Nigeria has put forward the cities, Benin City, Asaba, Uyo for hosting the sixteen nations final.","Ó ní Ọriĺẹ̀-èdè yìí ti gbaradì fún eré Ìdárayá ẹlẹ́ẹ̀kẹrìndínlógún irú rẹ̀ tí wọ́n sì ti pèsè àyè sí ílu Benin city, Asaba àti Uyo."
"Governor Sanwo-Olu noted that with the population of over twenty million people the city of Lagos is full of energy, youthfulness and hospitable resourceful and dynamic people as one of the intended host cities for the competition.","Sanwó-Olú ní ìpínlè Èkó pẹ̀lú ẹgbẹlẹmùkú ènìyàn tó lé ní Ogún mílíònù óní ìlú Èkó ní agbára, àti àwọn Ọ̀dọ́ lọ́lọ́kan òjòkan àti ọ̀yàyà láti gba àlejò, gẹ́gẹ́ bí ìlú kan gbòógì tí wọ́nti yà sọ́tọ̀ fún ìdíje tó ń bọ̀ yìí."
"According to the Governor, the state is billed to host the biggest global music festival next year and this will further boost and project its tourism, entertainment and cultural potential.","Gómìnà, tún mú ẹnu ba ti ìpalẹ̀mọ́ Orin tó ń bò láìpẹ́ yìí, ó tún jẹ́ ọ̀nà ìmúgbòòrò ọrọ̀ ajé nípa ìrìn àjọ ìgbafẹ́."
"The President of NFF, Amaju Pinnick who thanked governor Sanwo-Olu for encouraging the Male Senior National Team during the last AFCON tournament, said the team is in Lagos to seek support of the government in taking football to the highest level.","Amaju Picnic tó jẹ́ Ààrẹ fún Ẹgbẹ́ agbábóòlù ilẹ́ wa dúpẹ́ lọ́wọ́ Gómìnà fún ọ̀rọ̀ ìyànjù oníyebíye tóbá àwọn agbábọ́ọ̀lù Ọkùnrin àgbà sọ, ó tún fi kún pé àwọn ikọ̀ yìí wá fún ìrànwọ̀ ìjọba láti jẹ́ kí eré ìdárayá bọ́ọ̀lú aláfẹsẹ̀gbá ó tún mú òkè si."
"Authors in the country have been called to join the wagon of promoting the history, culture and tradition through their works, so as to protect the heritage of the nation.","Àwọn Òǹkọ̀tàn wa ni wọ́n ti pè láti jígìrì kí Ìtàn, Àṣà àti Ìṣẹ̀ǹbáyé wa ó má bàá parun."
"This call was made by the Governor of Lagos State, Mr Babajide Sanwo-Olu at the launching of historical book, Matiku, at Akoka, Lagos.",Ọ̀rọ ̀ìrántí yìí ni Gómìnà Ìpínlẹ̀ Èkó Ọ̀gbẹ́ni Babájídé Sanwó-Olú pe gbogbo ènìyàn śi níbi ìfilọ́lẹ̀ ìwé mánigbàgbé kan tí wọ́n pè ní MÁTIKÚ tó wáyé ní Akọkà Yaba.
"Mr. Sanwo-Olu, who applauded the author of the book for focusing the book on the history of Lagos, noted that it will help call attention to the need to uphold what the state stands for which are excellence, peace, selflessness and unity.",Gomina dúpẹ́ lọ́wọ́ òǹkọ̀tàn yìí fún bí o ṣe kọ ìwé ọ̀hún nípa ìtàn Ìpínlẹ̀ Èkó ó tún ṣe ìlérí pé ìjọba yóò ma lé iwájú nínú Ìfẹ́ Ìṣọ̀kan àti ṣíṣe àgbélárugẹ àṣà.
"The Permanent Secretary of the Ministry of Tourism and Culture, Mrs. Abosede Adelafa who represented the Lagos state Governor said having a book that will serve as a reference material for the youth to know about the history, culture and tradition of Lagos is a step forward to support the effort of the government to protect the heritage of the state.","Abilékọ Abọ́sèdé Adélafà tó jé Akọ̀wé fún Àjọ elétò ìrìnàjò ìgbafé àti Àṣà tó lọ ṣojú Gómìnà níbẹ̀ ní gómìnà níìfẹ́ púpọ̀ śi ìwé tóbá ní ṣe pẹ̀lú ̀itàn nítorí pé lára ìrànwọ̀ àti jẹ́ kí àṣà wa ó le pé kárin kése ní, kó sì tún le ṣe àtìlẹ́yìn fún ìjọba."
"In an address, the author of the book, Mr. Elesin explained that it is the responsibility of all authors to fight history erosion through their works hence his decision to write the book to teach and draw attention to the true identity of Lagos.","Ṣé oníìkàn laajẹ́ ó ṣe, Oǹkọ̀tàn yìí Ọ̀gbéni Ẹlésin tó kọ ìwé yìí ní ojúṣe àwọn oǹkọ̀tàn ni láti má kọ ìtàn mánigbàgbé àti èròńgbà lórí ìwé yìí pé yóò se àfihàn ojúlówó ọmọ èkó tòóótó."
He also advised the youths not to forget their history as it is the source of their identity.,Bákán náà lótún rọ àwọn ọ̀dọ́ láti máṣe gbàgbé ìtán ibi tí wọ́n t́i ṣẹ̀ wá nítorí pé orírun wọn nìyẹn àti àmì ìdánimọ̀ wọn.
"The Presidential Election Petition Tribunal PEPT, will hold its inaugural session today at the Abuja Division of the Court of Appeal.",Ilé ẹjọ́ to ńgbọ́ ẹjó lẹ́yìn ìdìbò (PEPT) ni wọn yóò ṣe ìfilọ́lẹ̀ ìgbẹ́jọ́ ẹ̀ka ti olú ìlú Àbújá ní ilé ẹjọ́ kò tẹ́milọ́rùn.
"The Tribunal listed four petitions for mention,","Tí wọ́n sì ti to ẹjọ́ mérin tí wọ́n kọ́kọ́ fé gbọ́ sì́lẹ̀ ,"
"The first was filed by Hope Democratic Party, HDP and Mr. Ambrose Owuru, who claimed to be the party’s presidential candidate.","Àkọ́kọ́ ni ti Ẹgbẹ́ Òṣèlú Hope Democràtic Party (HPD) àti Ọ̀gbẹ́ni Ambrose Owuru, tó ń polongo ara rẹ̀ ní olùdíje fún Ààrẹ ẹgbẹ́ náà"
"The Second was filed by Peoples Democratic Party, PDP, and its candidate in the election Alhaji Atiku Abubakar.",Ẹlẹ́èkejì ni ti Ẹgbẹ́ Ọ̀ṣèlù (PDP) tí Alhaji Àtiku Abubakar sì jẹ́ Olùdíje fún ipo Ààrẹ.
The third was filed by the Coalition for Change and Mr. Jeff Ojinika who claimed to be the party’s presidential candidate.,"Coalition for Change ni ejọ́ tóun jẹ́ ẹlẹ́èkẹ́ta, tí Jeff Ojinika Ẹni tó ń polongo ararẹ̀ gẹ́gẹ́ bíi olùdíje Ààrẹ ẹgbẹ́ náà"
"The fourth petition was filed by the People’s Democratic Movement, PDM and Pastor Aminchi Habu who claimed to be the party’s presidential candidate.",Ìgbẹ́jọ́ tó ṣìkẹrin ni ti Ẹgbẹ́ People’s Democràtic Movement (PDM) eleyìí ti òjíṣẹ́ Olúwa Aminchi Abu tóun náà ń polongo ara rẹ̀ gẹ́gẹ́ bíi olùdíje fún ipò Ààrẹ ẹgbẹ́ náà
President Muhammadu Buhari has assured Nigerians that his government will not let them down in providing effective and result-oriented leadership that safeguard and ensures a better life for citizens.,"Ààrẹ Buhari ti tún fi ọwọ́ sọ̀yà pé òun ò ní já ọmọ Orílẹ̀ èdè yìí kulẹ̀ ní ìgbà kan-kan lórí Ìdánilẹ́èkọ́ nípá ìwùwà sí asájú, Ètò ààbò tó péye àti ìgbé ayé ìrọ̀rùn fún gbogbo Ọmọ ilẹ̀ yìí."
Speaking after attending the daily Tafsir Quranic Interpretations marking the months of Ramadan fast at the stated House Mosque President Buhari said he will keep working to deliver improved life for all Nigerians. A statement by his media aide Mallam Garba Shehu said the President expressed gratitude to all Nigerians for the opportunity to serve a second term in office.,Ọ̀rọ̀ yìí ni Aàrẹ sọ ní Mósháláshí ńlá tó wà Lábùjá lásìkò tí wọn ń sàmì oṣù Ramadan ó ní òun yóò ṣe Ìjọba tí yóò mú ìdẹ̀rùn bá Ọmo Ọrilé-èdè Nàìjíríà. Akọ̀ròyìn fún Àare wa Mallam Garba Ṣheu ní Àarẹ dúpẹ́ lọ́wọ́ gbogbo Ọmọ Nàìjíríà tí wọ́n fi àyè gba òun láti ṣiṣẹ́ sin ìlú lẹ́lẹ̀kejì.
The President urged Muslim faithful that discipline should be their watchword during this Ramadan.,Ààrẹ rọ àwọn Mùsùlùmí láti máa ní Ìkóra ẹni ní Ìjánu làsìkò lámú-lánà.
"In his remarks, the Chief Imam of the Mosque Sheik Abdulwaheed Suleiman called for prayers to curtail the current security challenges confronting the country.",Imam Mọshalashi yìí Sheik Abdul-Waheed Sulaimon naa tún pàrọwà fún ìrònúpìwàdà àti àdúrà kí orílẹ̀̀-edè wa ba lè ní ààbò tó peye.
"As the Eid-El-Kabir draws near, Lagosians have expressed their displeasure over the increase in prices of goods in the market which has made life unbearable for them.","Bí ọdún se n súnmọ́ ni àwọn olùgbé ìpínlẹ̀ Eko ti fajúro bí ojà se gbé owó lérí tó sì gaju agbára wọn lọ, tí kòsì mú ayé dẹrùn fún mùtúmùwà"
Some Lagosians who spoke with Bond FM said lack of fund to meet the excessive increase in prices of goods in the market has made survival difficult for them.,Lára àwọn ènìyàn tí ó bá iléṣe Bond FM sọ̀rọ̀ so pé ohun gbogbo ló gbe owó lórí kọ́já sísọ ní ọjà tí ósì jẹ́ kí àti la irúfẹ́ àkókò yìí kojá nira fún àwọn ènìyàn.
"They appealed to the government to put in place measures to ensure free-flow of money in the nation so as to boost economic activity, improving their standard of living.","Wọ́n rawọ́ ẹ̀bẹ̀ sí ìjoba Àpapọ̀ láti wá nǹkan ṣe síi, àtipé lílọbíbọ̀ owó láàrin ìlú leè jẹ́ kí ọrọ̀ ajé lọ sókè síi, ásì tún jẹ́kí ìgbé ayé ìdẹ̀rùn wà fún gbogbo mùtúmùwà."
"Akinrogun of Epe Land, Otunba Denge Anifowose has urged Nigerians to support President Muhammadu Buhari in his quest to transform the country.",Akínrógun ìlú Èpé Ọ̀túnba Dẹngẹ Anífowóṣe ti késí gbogbo ọmọ orílẹ̀-èdè yìí ĺáti sowópọ pẹ̀lú Ààrẹ Buhari fún ìyípadà rere fún ilẹ̀ wa.
He said that President Buhari has good intentions to make the country better which helped to win another election.,Ó ní èròńgbà àti tún ìlú ṣe èyí tó ṣe ìrànwọ́ fún un láti wọlé lẹ́lẹ́kèejì.
Otunba Anifowose said the second term of President Muhammadu Buhari would witness rapid development because he had laid a solid foundation for the country.,Ọ̀túnba Anífowóṣe ní sáà kejì yóò mú ìyípadà ọ̀tun wá bí Àarẹ ṣe ti fi ipa rẹ̀ lélẹ̀ fún orílèdè yìí.
"He also commended Lagosians for voting for Mr. Babajide Sanwo-Olu as Governor of the state, noted that Mr. Sanwo-Olu has experience and skills that would help the state to be an investors friendly.",Ó tún dúpẹ́ lọ́wọ́ àwọn olùgbé ìpínlẹ̀ Èkó bí wọ́n ṣe dìbò lópò yanturu fi gbé Gómìnà Sanwó-Olú wọlé àti pé gómìnà yìí ní ìmọ̀ ìjìnlẹ̀ láti leè ṣọ ìpínlẹ̀ Èkó di ìlú àpéwò fún àwọn Oníṣòwò.
Otunba Anifowosoe while wishing outgoing Governor Mr. Akinwunmi Ambode well in future endeavours said that Mr. Sanwo-Olu would continue from where he stopped to build on the legacy of the founding fathers of Lagos State.,"Ọ̀tùnba Dẹngẹ nígbà tó ń kí Gómìnà tó kógbá wọlé, ìyẹn Akinwunmi Ambọde pé ìtẹ̀síwájú rẹ̀ á dára àti pé Sanwó-Olú yóò ma tẹ̀síwájú nínú àlàálẹ̀ Asíwáju wọn."
"Plans are underway by the Lagos State Government, to a General Hospital in the Amuwo Odofin Council Area.",Ìjọba ìpínlẹ̀ Èkó ti ń ṣe ètò lábẹ́nú láti kọ́ ẹ̀kún ilé ìwòsán ìjọba tó wà ní ìdàgbàsókè Àmúwò-Ọdòfin.
"An Assistant Director of Medical Services at the State Health Service Commission, Dr. Olufunmilola Esho, stated this at a stakeholders meeting of the Amuwo-Odofin Maternal and Child Centre.",Igbá kejì Ọ̀gá àgbà àjọ elétò ìlera Dókítà Olúfúnmilọla Èṣhọ́ ló sọ ọ̀rọ̀ yìí níbi ìpàdé tó lọ ṣe ní́ ilé ìwòsàn yìí lẹ́ka ti ìgbẹ̀bí àti ọmọ wẹ́wẹ́ ‘
"A statement issued by Dr. Esho says, the state government was planning to build the hospital, so as to cater for the growing population of residents in the area.",Dókítà Ẹ̀shọ́ ní ìjọba ń gbèrò láti kọ́ ẹ̀kún ilé ìwòsàn yìí kí ó le tó lò fún àwọn olùgbé àgbègbè náà.
The medical expert however made a renewed call on corporate bodies and wealthy individuals in the country to support the government in providing qualitative and affordable health care for the people.,"Bẹ́ẹ̀ lótún rọ àwọn tórí jájẹ lágbègbè ọ̀hún láti kún ìjọba lọ́wọ́, kí wọn fi leè pèsè ìwòsàn tó yanrantí, tí owó rẹ̀ kò sì gunpá fún àwọn ènìyàn"
"Teachers Registration Council of Nigeria, TRCN, says there is no going back on the December 31st deadline to flush out unqualified teachers from Nigerian schools. The Registrar of the council, Professor Segun Ajiboye who made this known to newsmen in Ibadan, said the National Council of Education had set the deadline for all teachers in Nigeria to get registered, qualified and licensed by the TRCN.",Àjọ tó ńṣe ètò ìforúkọ sílẹ̀ àwọn Olùkó ti ní kò sí ìpadà sẹ́yìn nínú gbèdéke tí wọ́n fún wọn pé tóbá di ọjọ́ kọkànlélọ́gbọ̀n oṣù kejìlá ọdún yìì làwọn ó yọ àwọn Olùkó tí kò kúnjú òṣùwọ̀n danù bí ení yọ jìgá láwọn ilé ẹ̀kọ́ wa. Ọ̀jọ̀gbọ́n Ṣẹ́gun Ajíbóyè tó jẹ́ Akọ̀wé àjọ yìí lósọ bẹ́ẹ̀ níìlú ìbàdàn pé (Awífún ni kót́ó dáni àgbà ìjakàdi ni) ó ní ó tí pẹ tí wọ́n ti ń kéde fún àwọn olùkọ́ náà láti lọ fi orúkọ̀ sílẹ̀ lábẹ́ àjọ̀ yìí kí wọ́n sì gba òǹtẹ̀ àṣẹ.
"According to him, the Federal Ministry of Education had on June 7 2019, sent a circular to all Principals on the December 31 deadline for unqualified teachers to leave the teaching profession in the country. The TRCN registrar noted that Nigeria needs quality teachers to deliver quality education.",Ó ní ọjọ́ keje nínú oṣù kẹfà ni Àjọ tó ń ṣe àkóso ẹ̀kọ́ nílẹ̀yí ti fi ìwé ṣọwọ́ sí gbogbo Aláṣe ilé ẹ̀kọ́ pátá-pátá láti da àwọn Olùkọ́ tí kò kúnjú òṣùwọ̀n dúró jákè-jádò ilẹ̀ yìí.
He urged those that had not registered to take the opportunity of the qualifying tests to do so before the deadline.,Ó rọ àwọn tí kòì forúkọ sílẹ̀ láti lọ fi orúkọ sílẹ̀ kí àsìkò tí wọ́n fún wọn tó pé.
Stakeholders in the sporting industry in the country have been charged to be more active in rescuing the youth from drug abuse and trafficking through sports especially at the grassroots level as government alone cannot fight the menace.,Wọ́n ti rọ àwọn Ọ̀gá nínú eré ìdárayá láti má mójútó àwọn ọ̀dọ́ agbábọ́ọ̀lùjẹun láti kìlò fún won nídi lílo egbògi olóró pàápàá bí wọ́n ṣe ń gbe láwọn ẹsẹ̀ kùkú àti pé kò le rorún fún ìjọba nìkan láti dáwọn lẹ́kun ìwà yìí.
"The plea was made by a chieftain of the ruling All Progressives Congress, APC in Lagos State Mr. Wale Adelana on the occasion of international day against drug abuse and trafficking, set aside by the United Nations.",Ògbóntàrigì nínú ẹgbẹ́ òṣèlù (APC) Ọ̀gbẹ́ni Wálé Adélànà ló ké gbànjarè ọ̀rọ̀ yìí níbi àyájọ́ gbígbé Ogunti Oògùn olóró eléyìí tí àjọ àgbáyé yà sọ́tọ̀.
Mr. Adelana said it became imperative for all well-meaning Nigerians to team up and find lasting solutions to the abuse of drugs especially among teenagers as they are the future of the nation.,Ọ̀gbẹ́ni Adélàná ní (ilèkùn àjọ kàn lọ̀rọ̀ yìí) tí ó sì ti dan-dan fún gbogbo ojúlówó ọmọ orílẹ̀ èdè yìí láti sowọ́pọ̀ pẹ̀lú àjọ tó ń kìlọ̀ ìwà ìbàjẹ́ nítorí pé àwọn ọ̀dọ́ èní laṣiwajú orílẹ̀ èdè yìí tóbá di lọ́la.
He also appealed to parents and guardians to be watchful of friends their children are moving with.,Bákan náà lótún pe àwọn Òbí àti Alágbàtó sí àkíyèsí láti wo irúfẹ́ àwọn ọ̀rẹ́ tí ọmọ wọn ń bá rìn.
"The need for Nigerians to take their history and culture heritage seriously by documenting them so as to preserve it for generations to come, has been emphasized.","Ṣí́ṣe ìmójútó àṣà wa àti ṣíṣe àkọsílè ẹ̀ ni wọ́n ní ó tidi dan-dan fún ọmọ Nàìjíríà, láti leè fi ran àwọn ìran tó ńbọ̀ lọ́wọ́"
"The Deputy Governor of Ogun State, Mrs. Nayimot Oyedele stressed this a book launch on “Ota Awori Kingdom” in Maryland, Ikeja.",Igbákej̀i Gómìnà ìpínlẹ̀ Ògun Onímọ̀-Ẹ̀rọ Noimọt Sàlàkọ́ Oyèdélé ló pe ìpè ìtaníjí yìí níbi ìfilọ́lẹ̀ ìwé tí wọ́n pè ní “Ìlú Ọ̀tà Àwórì” tó wáyé ní Maryland ìpínlẹ̀ Èkó.
Mrs. Oyedele who lauded the authors of the book for deeming it fit to give proper documentation to the history of Awori’s said it will be wise for other authors in the country to join the wagon of history documentation to preserve the Nigerian history.,Oyèdélé to gbóṣùbà fún Òǹkọ̀wé tó sì tún ní kí àwọn òǹkọ̀wé tókù ó kọ́ṣe lára wọn káwọn náá ò kọ ìtàn mánigbàgbé tí yòò wúlò fún àṣà wa lọ́jọ́́ iwájú.
"In his address, the Olota of Ota, Oba Adeyemi Abudukabir who said that Ota is the foremost town among the Awori people, stated that the documentation of the history of Awori’s is apt for the preservation of history.",Lọ̀rọ̀ tí kábíyèsí Ọba Abdu Kabir Adéyẹmí Oba Lánlẹ́gẹ́ (Ọlótà ti ilú Ọ̀tà) tó ní ìlú Ọ̀tà ni àkọ́kọ́ nínú ilẹ̀ Àwórì tó kọ́kọ́ ṣe ìwé ìtàn.
"On his part, the Senator representing Ogun West, Senator Olu Odebiyi who called on the stakeholders in education to give utmost priority to history in the nation’s educational curriculum, urged parents not to fail to project and teach their children.",Nínú ọ̀rọ̀ tí Sínétọ̀ tó ń ṣojú fún Ìwọ̀-Oòrùn ìpínlẹ̀ Ogun Aṣòfin Tolú Ọdẹ́bíyìí lóti rọ àwọn ẹ́ka ètò ẹ̀kọ́ láti má kọ́ àwọn akẹ́kọ̀ọ̀ ní ìtàn ilẹ̀ wa tó sì tún késí àwọn òbi láti má sọ ìtàn fún àwọn ọmọ wọn.
"On his part, a co-author of the book, Mr. Frank Akinola said the need to give the people of Awori Land an understanding of their origin and cultural heritage, inspired him to read the book.",Ọ̀gbẹ́ni Frank Akinọlá ní ó yẹ kí àwọn ẹ̀yà Àwórì ó mọ orírun àti Àṣa wọn èyí tó sì jẹ́ ìwúrí fún un láti ka ìwé òhun lákà tún kà.
"Reports reaching our newsroom, says a three-story building has collapsed at a popular farm yard in Fagba area, off Iju road of Lagos.","Ìròyìn yájó yàjó tó désí yàrá ìròyìn wa ní pe, ilé Alájà méta kan tó ẁa ní agbègbè Fágbà ìjú ní ìpínlẹ̀ èkó ti dà wó lulẹ̀."
"According to the report, affected people have been evacuated while the injured people are rescued and responding to treatment.",Nínú ìròyìn tó tẹ̀wá lọ́wọ́ ni pé àwọn ènìyàn tí ìjànbá náà kọlù ni wọ́n tikó kúrò níbẹ̀ tí wọn sìti gbé àwọn tó farapa lọsí ilé ìwòsàn níbi tí wọ́n tí ń gba ìtọ́jú.
Though no casualty was recorded all agencies in charge of disaster management are reported to be on ground at the site.,Wọ́n ní ìṣẹ̀lẹ̀ yìí kò gba ẹ̀mí kọkan tí àwọn ẹ̀ṣọ́ aláàbò ni ẹ̀ka elétò pàjáwìrì sì ti wà níbẹ̀
Report revealed that the building will be pulled to ground zero for safety of the people living in the area.,Ìròyìn fiyé wa wí pé ilé ọ̀hún ni ìjọba máa wolulẹ̀ fún ìfọ̀kànbalẹ̀ àwọn olùgbé àgbègbè yìí.
