,English,Yoruba
2,Mummy you are troubling me.,Màámi wàhálà yín ti pọ̀jù.
3,"Just come with me, you'll see yourself. "," Ẹ ṣá tẹ̀lé mi, ẹ máa rí i fúnra yín."
4,I can't even find what I'm looking for there.,Mi ò tiẹ̀ rí nǹkan tí mò ń wá níbẹ̀.
5,You know I don't like surprises.,O mọ̀ pé mi ò nífẹ̀ẹ́ ìyàlẹ́nu.
6,"John, how are you? ","John, báwo ni?"
7," I'm sorry, I'll make a transfer tomorrow morning."," Má bínú, mo máa fi owó ránṣẹ́ láàárọ̀ ọ̀la."
8,Thank you very much.,O ṣé púpọ̀.
9,Okay ma.,Ó dáa ma.
10,Is this her?,Ṣé òun rè é?
11,Yes ma.,Bẹ́ẹ̀ ni ma.
12,Good afternoon ma.,Ẹ káàsán ma.
13,"Esther, you've been seeing mummy's pictures. "," Esther, ìwọ ṣáà ti ń rí àwòrán mummy dáadáa."
15,How are you?,Báwo ni o?
16,I'm fine.,Mo wà dáadáa.
17,Come over here,Máa bọ̀ níbí
18,"Femi, who is she? "," Fẹ́mi, báwo ni ó ṣe jẹ́?"
19,"Mummy, what else do you want me to say? ","Màámi, kí ni ẹ tún fẹ́ kí n sọ?"
20,She's my friend,Ọ̀rẹ́ mi ni
22,"Don't be offended my dear, he says you are his friend. ","Má bínú my dear , ó ní ọ̀rẹ́ òun lo jẹ́."
23,Can you now see?,Ṣé o rí i bayìí?
24,You will know how he behaves by now.,Ìwọ náà á ti mọ bó ṣe máa ń ṣe báyìí.
25,I have always told him to make himself as clear as possible.,Mo ti sọ fún un pé kí ó máa yànnàná ọ̀rọ̀ rẹ̀ dáadáa.
26,Mummy I'm clear enough now,Màámi nǹkan tí mo sọ yé yín
27,Stop acting like a baby,Yéé máa ṣe bí  ọmọ ọwọ́
28,Mummy I'm clear enough now," Màámi, ọ̀rọ̀ mi yé e yín"
29,"She's my friend, I want her to meet you. "," Ọ̀rẹ́ mi ni, mo fẹ́ kí ó ri yín."
30,Before I ask her hand in marriage,Kí n tó sọ fún un pé kí ó fẹ́ mi
31," Mummy, you have ruined all the surprises I had","Mummy, ẹ ṣáà ti ruin gbogbo surprises tí mo ní nísìn"
32,It's all your fault,Ẹ̀bi rẹ ni o
33,What you would have told me was....,Nǹkan tó ò bá ti sọ fún mi ni pé...
34,"""Mum meet Esther, she's my friend and I want to marry her"" "," ""Màámi, Esther rè é, ọ̀rẹ́ mi ni mo sì fẹ́ fẹ́ ẹ"""
35,I told you,Mo sọ fún ẹ
36,to stop behaving like a baby,ko yéé máa ṣe bí i ọmọ ọwọ́
38,"Don't mind mummy, she likes having things her way ","Má dá màámi lóhùn, wọ́n máa ń fẹ́ kí nǹkan ṣẹlẹ̀ bí wọ́n ṣe fẹ́ ẹ"
39,Hello my dear,Ǹlẹ́ ọmọ mi
40,Hi má,Ẹ rọra ma
41,How are you?,Báwo ni?
42,Very fine má,Dáadáa ni mà
43,"Oh! Beautiful, where are you from? ","O! Ìyẹn dára, ọmọ ìlú ibo ni ẹ?"
44,Are you sure?,Ṣé ó dá ẹ lójú?
45,"Like heart attack, I'm sure "," Bí ìkọlù ọkàn, Ó dá mi lójú"
46,Heart attack as how?, Ìkọlù ọkàn bí i ti báwo?
47,I told you not to talk like that,Mo ti ní kí o yéé máa sọ̀rọ̀ báyẹn
48,"Okay mummy, I'm very sure. I love her and I think she loves me back "," Ó dáa màámi, ó dá mi lójú. Mo nífẹ̀ẹ́ rẹ̀, mo sì lérò pé òun náà nífẹ̀ẹ́ mi bẹ́ẹ̀"
49,You think?,O lérò?
50,But we can't be too sure until we take the leap now right?,Ṣùgbọ́n a kò lè mọ̀ délẹ̀ tí a ò bá gbé Ìgbésẹ̀ náà?
51,"Femi, we need to be sure "," Fẹ́mi, a nílò ìdánilójú"
52,I have always prayed for you since you were a kid to find a wife,Láti kékeré ni mo ti máa ń gbàdúrà sọ́lọ́run pé ko rí ìyàwó
53,that is as good as your mom,tó dára bí i ti màmá ẹ
55," Mummy, you have started","Mummy, ẹ ti bẹ̀rẹ̀"
56,I am saying the truth Femi,Òótọ́ ni mò ń sọ Fẹ́mi
57,You act like you're a kid,O máa ń ṣe bí ọmọdé
58,And you are no longer a kid,O dẹ̀ kí ń ṣe ọmọdé mọ́
59,When I was your age,Nígbà tí mo wà ní ọjọ́ orí ẹ yìí
60,I already had your third sibling,Mo ti bí àbúrò ẹ kẹ́ta
61,You need to be sure she loves you enough,O ní láti rí i dájú pé ó nífẹ̀ẹ́ dúnjú
62,To be able to tolerate you,Kí ó lè gba ìwà ẹ mọ́ra
63,Okay mummy,Ó dáa màámi
64,I've heard,Mo ti gbọ́
65,I've heard mummy,Mo ti gbọ́ mummy
66,Do you understand,Ṣé ó ti yé ẹ
67,Why are you frowning,Kílódé tí ojú ẹ kọ́rẹ́ lọ́wọ́
68,Why are you acting like everything is fine?,Kílódé tí ò ń hùwà bí ẹni pé gbogbo nǹkan ń lọ dáadáa?
69,But everything is fine,Ṣùgbọ́n gbogbo ẹ̀ ń lọ dáadáa
72,"Hold on, so how do we pay for the wedding? ","Dúró na, báwo ni a ṣe máa sanwó fún ìgbéyàwó?"
73,Don’t worry,Má ṣèyọnu
74,"Stop telling me not to worry, I am worried Femi ","Yéé sọ fún mi pé kí n má ṣèyọnu, mo rí i rò Fẹ́mi"
75,I'm the bride and it is my job to be worried," Èmi ni ìyàwó, iṣẹ́ mi ni láti ṣèyọnu"
76,"All my life, I've always dreamt of a very beautiful wedding ",Gbogbo ayé mi ni mo ti fi ń ronú pé mo máa ṣe ìgbéyàwó alárinrin
77,"Even if I can't have that, let me have a nice and decent wedding "," Tí mi ò  bá tiẹ̀ ní ṣe ìyẹn, jẹ́ kí n ṣe ìgbéyàwó tó dára níwọ̀ǹba"
78,But it looks like that won't be happening because we are broke,Ṣùgbọ́n kò jọ pé ìyẹn máa ṣẹlẹ̀ torí kò sówó lọ́wọ́ wa.
79,"Okay let me tell you this, we are not broke"," Ó dáa jẹ́ kí n sọ èyí fún ọ, a lówó lọ́wọ́"
80,My agency just called me that Sony Nigeria wants to buy one of my books,Ilé iṣẹ́ tó ń ṣojú mi ṣẹ̀ṣẹ̀ pè mí tán pé iléesẹ́ Sony Nigeria fẹ́ ra ọ̀kan lára àwọn ìwé mi
81,So we are not broke,Fún ìdí èyí owó kò sá fẹ́rẹ́ lọ́wọ́ wa
82,"Yeah, so we are rich"," Bẹ́ẹ̀ ni, owó wà lọ́wọ́ wa"
83,Hold on! Sony has a branch in Nigeria?,Dúró ná! Iléesẹ́ Sony ní ẹ̀ka ni Nàìjíríà?
84,Yes they do,Bẹ́ẹ̀ ni wọ́n ní
85,"And they are planning to buy one of my books, I'm meeting with them tomorrow and it's a good deal "," Wọ́n ń gbèrò láti ra ọkàn nínú àwọn ìwe mi, mo ní ìpàdé pẹ̀lú wọn ní ọ̀la, owó ńlá dẹ̀ ni"
86,"Wow, that sounds like good news",Ìròyìn tó dára lèyí o
88,So how much are we talking about?,Èló ni à ń sọ̀rọ̀ nípa gan?
89,Enough to have a dream wedding,Iye tí yóó tó ṣe ìgbéyàwó
90,Femi I'm sorry for bothering you like this,Fẹ́mi má bínú pé mò ń dà ọ́ láàmú báyìí
91,"I know it's the bride's family that pays for the wedding, but you know my condition"," Mo mọ̀ pé ẹ̀tọ́ ìdílé ìyàwó ni lati ṣe ìnáwó ìgbéyàwó, ṣùgbọ́n ó mọ ipò tí mo wà"
92,What is your condition?,Ipò wo  ni o wà?
93,I told you not to be talking like this,Mo ti ní kí o yé sọ̀rọ̀ báyìí mọ́
94,I knew this before I told you to marry me,Mo mọ̀ èyí kí n tó ní kí ó fẹ́ mi
95,"Everything will be fine, we're in this together","Gbogbo nǹkan á dára, a jọ wà nínú ẹ̀ ni"
96,Are you sure?,Ṣé ó dá ẹ lójú
98,"This was the surprise I was telling you about, the Gucci bag","Ohun ìyàlẹ́nu tí mọ ni fún ẹ rè é, àpò ìkọ́pá Gucci yẹn"
100,"Yes, you like it? ","Bẹ́ẹ̀ ni, ṣé o fẹ́ràn  ẹ̀?"
101,Femi! A Gucci bag?,Fẹ́mi! Àpò ìkọ́pá Gucci?
103,I hope you’ve not cut the tag?,Mo lérò pé o kò tí ì já táàgì ara rẹ̀ kúrò?
104,No I have not,Rárá mi ò tí ì ja
105,You know what? You have to return it,O mọ nǹkan? Ó ní láti dáa padà
106,Why? You don’t like it?,Kílódé? Ṣé ó kò fẹ́ràn rẹ̀ ni?
107,Femi you can't go about buying me things as random like this," Fẹ́mi, o ò lè máa ra nǹkan oríṣìíríṣi fún mi báyìí"
108,"Darling, this is a very expensive bag"," Olólùfẹ́ mi, àpò ìkọ́pá yìí wọ́n gidi gan"
109,"Okay, How much did you get it?","Ó dáa, Èló ni o rà á?"
110,Actually very expensive,Ó wọ́ gan lóòótọ́
111,"Femi we are broke, you can't go about buying me expensive gifts like this and expect me to keep quiet ","Fẹ́mi owó sáfẹ́rẹ́ lọ́wọ́ wa, o ò kàn lè máa ra ẹ̀bùn tó wọ́n gógógó báyìí fún mi kí n máa wòran"
112,It doesn’t make sense,Kò mọ́gbọ́n wá
113,"The other day you saw it on Instagram, you said you liked it ","Níjọ́sí tí ó rí i lórí Ínsítágíráàmù, o ní o fẹ́ràn rẹ̀"
114,I bought it for you as your husband,Mo sì rà á fún ẹ gẹ́gẹ́ bí i ọkọ rẹ
115,And so what?,Nígbà náà ńkọ́?
116,We just had a luxurious wedding,A ṣẹ̀ṣẹ̀ ṣe ìgbéyàwó aláriwo ni
117,"In fact, we have not even paid for the house rent","Kódà, a kò tí ì san owó ilé gan"
118,You know what,O mọ nǹkan?
119,I think we really need to reconcile our accounts,Mo lérò pé ó yẹ kí à yanjú àkọsílẹ̀ owó wa
120,"I see, really?", "Mo rí i bẹ́ẹ̀, ṣé lóòótọ́?"
121,"Yes, so with that I will have our heads up if you go about spending money like a complete idiot"," Bẹ́ẹ̀ ni, mo gbódò ṣí ọpọlọ mi sílẹ̀ tí ìwọ bá fẹ́ máa náwó bí òpònú"
122,I thought you would like it,Mo rò pé o o máa fẹ́ràn ẹ̀
123,"My love, I like it but this is a bad timing","Ìfẹ́ mi, mo fẹ́ràn rẹ̀ ṣùgbọ́n kì í ṣe ohun tó kàn lásìkò yìí"
126,"Like morning, afternoon, night?"," Ṣé bí i àárọ̀, ọ̀sán, alẹ́?"
127,Maybe I should have given it to you in the morning then,Bóyá mi ò bá ti fún ẹ ní àárọ̀
128,Femi you are dumb!,Fẹ́mi o gọ̀!
129,Hello sir! I know you,Ẹ ǹlẹ́ ṣà! Mo mọ̀ yín
130,You know me?,O mọ̀ mí?
131,Of course I do,Bẹ́ẹ̀ ni
132,I'm sure you don't know me,Ó dá mi lójú pe o kò mọ̀ mí
134,"You are the writer of the ""Three shepherds""",Ẹ̀yin ni ẹ kọ “Three Sherperds”
135,"I think I'm the wrong person here, you actually know me","Èmi ni mi ò mọ̀ nǹkankan níbí o, o mọ̀ mí lóòótọ́"
136,Yes you are, Bẹ́ẹ̀ ni èyin ni
137,Oh thank you very much,O ẹ ṣé púpọ̀
138,My name is Femi,Orúkọ mi ni Fẹ́mi
139,"Of course I know, I just told you I know you","Mo mọ̀, ṣebí mo ṣẹ̀ sọ fún yín pé mo mọ̀ yín"
140,"You know this is very strange, we don't normally come across people that know us for our peace","Èyí ṣàjèjì, a kì í sábàá pàdé ẹni tí ó mọni délédélé"
141,"I love your book,I just read that it would be adapted for a movie"," Mo nífẹ̀ẹ́ ìwé yín, mo ṣẹ̀ṣẹ̀ kà á pé wọ́n máa ṣeré ẹ̀"
142,"Yes, they should be done any moment soon ","Bẹ́ẹ̀ ní, wọn máa parí ẹ̀ láìpẹ́"
143,Can I get a picture please?,Ṣé mo lè ya àwòrán yín
144,Àwòrán mi?,Picture of me?
146,"Excuse me, what is it? ","Ẹ jọ̀ọ́, kílódé?"
147,Did he not tell you he has a wife?,Ṣé wọn kò sọ fún yín pé àwọn ní ìyàwó?
148,Sorry má,Ẹ má bínú mà
149,"Babe calm down, she's just a friend ","Ní sùúrù ìyàwó mi, ọ̀rẹ́ lásán ni."
150,"I just met her, she read my book"," Mo ṣẹ̀ṣẹ̀ bá a pàdé ni, ó ka ìwé mi"
151,And so?,Nígbà náà ńkọ́?
152,You just chased a fan away,O ṣẹ̀ṣẹ̀ lé ọ̀kan lára àwọn olólùfẹ́ mi dànù
153,You know you're being ridiculous,O mọ̀ pé ìwà burúkú nìyẹn
154,I am ridiculous? Don't be stupid Femi,Èmi ń huwa burúkú? Fẹ́mi má hùwà bí òmùgọ̀
155,Was it not obvious that she was trying to get into your pants?,Ṣé kò hàn gbangba pé ó ń wá bí yóó ṣe wọlé sí ẹ lára ni?
156,You're the one that is stupid,Ìwọ ló gọ̀
157,Are you mad? I am stupid?,Ṣé orí ẹ dàrú ni? Ẹ̀mí gọ̀?
158,I can't stand you,Mi ò lẹ́jọ́ bá ẹ rò
159,Pay the bills and meet me inside the car,Sanwó kí o bá mi nínú ọkọ̀
160,Baby!! I have made breakfast,Ọkọ mi!! Mo ti ṣe oúnjẹ àárọ̀.
161,Come and go eat,Wá lọ jẹun
162,What is it?,Kí ni?
163,Answer me now,O ò dẹ̀ dá mi lóhùn nau
164,Femi! I am talking to you now,Fẹ́mi! Mò ń bá ẹ ṣọ̀rọ̀ nau
165,You're not saying anything,O sọ̀ nǹkankan ni
166,Oh wait!,Dúró ná!
167,Is this about the supermarket?,Ṣé nítorí ohun tí ó ṣẹlẹ̀ ní Ilé ìtajà?
168,"It is a brand new day, let it go","  Ọjọ́ tuntun lèyí, jẹ́ kí ìyẹn lọ"
169,But how would you do that?,Kí ló dé tí o fi máa ṣe báyẹn
170,Slap me in the public? That's quite unfair,Ó gbá mi létí ní gbangba? Ó kù díè káàtó
171,Alright Femi,Ó dáa Fẹ́mi
172,"I'm sorry, we were in a public place",Má bínú pé ìta gbangba ni
173,You need to have some respect for your wife," Má bínú, ó yẹkí o fún mi ní ọ̀wọ̀ tèmi ni gbangba"
174,That's an ordinary fan,Olólùfẹ́ iṣẹ́ mi lásán ni
175,I'm sorry,Má  bínú
176,It's okay,O ti dá
177,I am sorry now,Má bínú
178,You hear?,Ṣé o ti gbọ?
179,Kiss me,Fẹ́nu kò mí lẹ́nu
180,I am not kissing,Mi ò fẹnukonu
181,Are you still angry?,Ṣé o ṣì ń bínú ni?
182,Kiss me,Fẹ́nu kò mí lẹ́nu
183,Open your mouth like this,La ẹnu ẹ báyìí
184,Femi! Is that it?,Fẹ́mi! Ṣé ó ti tán nìyẹn
185,That is what?,Kí nìyẹn?
186,I have not even been on top of you for two minutes and you just came just like that?,"Mi ò tí ì lo ìṣẹ́jú méjì lórí ẹ, o ti sáré dà báyẹn?"
187,"Esther, that is horrible","Esther, ìyẹn ò dáa"
188,What do you mean two minutes?,Kí ni ìṣẹ́jú méjì?
189,"I lasted three minutes, it was up to three minutes","Mo lò tó ìṣẹ́jú mẹ́ta, ó pé ìṣẹ́jú mẹ́ta"
190,What is three minutes?,Kí ni ìṣẹ́jú méta
191,Keep your mouth shut,Gbé ẹnu ẹ dákẹ́
192,(Mimic her),(Ń sín in jẹ)
193,This is becoming annoyingly stupid,Èyí ò mọ́gbọ́n wá mọ́
194,Our sex life is boring,Ìgbé ayé ìbálòpọ̀ wa ò lárinrin mọ́
195,"You know what, we seriously need to spice up our sex life","O mọ nǹkan, a nílò láti mú ìbálòpọ̀ wa lárinrin."
196,I can't take this anymore,Mi ò lè gba èyí mọ́
197,And you even opened up your mouth to say three minutes,O dẹ̀ la ẹnu sọ pé ìṣẹ́jú méta
198,Okay let's do it again then," Ó dáa, jẹ́ kí a tún un ṣe ń’gbà yẹn"
199,Do what again?,Tún kíni ṣe?
200,The sex life,Ayé ìbálòpọ̀
201,The sex life?,Ayé ìbálòpọ̀?
202,You're just a fool,Òmùgọ̀ ni ẹ́
203,You won't only try it again! Idiot,O ò ní tún un ṣe nìkan! Ọ̀dẹ̀
204,Where are you now going to?,Níbo lo wá ń lọ nísìn
205,Maybe you should teach him,Bóyá kí o kọ́ ọ
206,Excuse me? I should teach him,Kí lo wí? Kí n kọ́ ọ
207,"Abeg, I don't have such time "," Jọ̀wọ́, mi ò ráyè irú ìyẹn"
208,"If you don't want to teach him, how then do you get sexually satisfied? "," Bí o kò bá fẹ́ kọ́ ọ, báwo ni o ṣe wá ń rí ìtẹ́lọ́rùn níbi ìbálòpọ̀?"
209,"Darling, you don't worry about that ","Ọ̀rẹ́, má ṣe ìyọnu nípa ìyẹn"
210,Wait Esther,Dúró Esther
211,Is there something you are not telling me?,Ṣé nǹkankan wà tí o ò sọ fún mi?
212,Are you getting it from somewhere else?,Ṣé o ti ń gbà á níbòmíràn ni?
213,God! Esther!,Ọlọ́run o! Esther! 
214,If that is how it happened,Bí ó bá jẹ́ pé bó ṣe ṣẹlẹ̀ náà nìyẹn
215,I don't blame you,Mi ò dá ẹ lẹ́bi
216,If it was a man that his wife did not satisfy like that...,Tí ó bá jẹ́ pé ọkùnrin ni ìyàwó ẹ̀ ò satisfy bẹ́yẹn...
217,Before you know it he will be out there to get himself satisfied,"Ká tó wí “ẹ” báyìí, á ti fò síta láti gba gbogbo satisfaction  ẹ̀ níta "
218,But if it was a woman,Ṣùgbọ́n tí ó bá jẹ́ obìnrin
219,All hell will be let loose,Gbẹgẹdẹ á gbiná
220,That is when you will hear different terms,Ìgbà yẹn ni o máa gbọ́ oríṣìíríṣi terms
221,"They can say she's a prostitute, a whore, she’s wayward "," Wọ́n lè sọ pé aṣẹ́wó ni, ọ̀dọ́kọ ni, ó ń rìnrìn gbéregbère"
222,Are we not all the same?,Ṣé gbogbo wa kọ́ ni aṣẹ́wó ni?
223,Why does it sound like a very bad thing to say?,Kílódé tí ó ń dún bí nǹkan tí kò ṣe é gbọ́?
224,Don't be offended, Má bínú
225,Continue what?,Bá kíni lọ? 
226,Maybe you should continue like that then,Bóyá kí o máa bá a lọ bẹ́ẹ̀
227,"Now you are talking, there's someone doing this "," O ṣẹ̀ṣẹ̀ ń sọ̀rọ̀ ni, ẹnìkan wà tí ó ń ṣe kiní yìí"
228,Please gist me,Jọ̀wọ́ sọ fún mi
229,No gist for you,Mi ò sọ fún ẹ
230,No wonder you turned to a motivational speaker?,Abájọ tí o ṣe di ọlọ́rọ̀ ìyànjú?
231,"No gist, get me something to drink "," Kò sọ́rọ̀, wá nǹkan mímu fun mi"
232,"Today, we'll be having squats"," Lónìí, ère a máa ṣe ìbẹ̀rẹ̀-nàró"
233,We'll be doing ten,Mẹ́wàá ni a ó ṣe
235,Then we'll do it like five sets,Ẹ̀ẹ̀marùn-ún ni a ó ṣe é
236,So let's go..,Ó yá...
237,"No, you're not getting it "," Rárá, ẹ ò gbà á"
238,Look at me,Ẹ wò mí
239,"You'll do like this, let's go "," Ẹ máa ṣe báyìí, ó yá"
240,Like that! You are doing ten,Báyẹn! Mẹ́wàá ni ẹ máa ṣe
242,"What's the meaning of this, what’s going on here? "," Kí ni ìtumọ̀ eléyìí, kí ló ń ṣẹlẹ̀ níbí?"
243,"Baby calm down, he's my trainer "," Ọkọ mi ní sùúrù, olùkọ́ mi ni wọ́n"
244,Like Sneakers?,Bí i bàtà?
245,Fitness trainer,Olùkọ́ ìdárayá
246,You want to fight?,Ò ń múra ìjà ni?
247,"For goodness sake, I am trying to keep fit "," Nítorí Ọlọ́run, mo ní láti ṣe ṣémúṣémú"
248,He's a gym instructor,Olùkọ́ ìdárayá ni
249,"Oh! Gym instructor, I see ",O! Olùkọ́ ìdárayá! Mo rí i bẹ́ẹ̀
250,Oh you're trying to...?,Ò ń gbìyànjú láti…?
251,It's necessary,O nílò ẹ̀
252,Try to touch,Gbìyànjú láti fi ọwọ́ kan
253,He should touch?,Kí wọ́n fọwọ́ kan?
254,I understand,Ó ti yé mi
255,Six more right?,Mẹ́fà ló kù àbí?
257,"You guys are sweating, you'll need water ","  Ẹ̀yin méjèèjì ń làágùn, ẹ máa nílò omi"
258,Yes sir,Bẹ́ẹ̀ ni sà
259,Let me run and get you some water,Ẹ jẹ́ kí n sáré lọ gbé omi wa fún yín
260,Thank you sir,Ẹ ṣẹun sà..
261,Three more!,Ó ku mẹ́ta
262,Two more!,Ó ku méjì
263,I have been waiting for you in bedroom since,Mo ti ń dúró dè ẹ́ ní iyàrá ìbùsùn látàárọ̀
264,You know the party I told you about?,O ṣáà mọ ayẹyẹ tí mo sọ̀rọ̀ ẹ̀ fún ẹ?
265,Bola is waiting for me outside,Bola ń dúró dè mí níta
266,I need to run,Mo ní láti tètè
267,You know you were not going,O ṣáà mọ̀ pé ìwọ ò lọ
268,You know party is not my thing,O mọ̀ pé mi ò fẹ́ràn òde lílọ
269,But you know I have a writing to do this night,But o mọ̀ pé mo ní ìkọ̀wé láti ṣe
270,and the child will be disturbing me,àti pe ọmọ yẹn ma ma dà mí láàmú
271,I have a deadline,Mo dẹ̀ ní àkókó ìparí kan
272,What is wrong with you?,Kí ló máa ń ṣe ẹ?
273,Everytime you have writing,Gbogbo ìgbà ni o máa ń ní nǹkan láti kọ
274," Baby don't say that, it brings in money","Má sọ’yẹn o, ó ń mówó wọlé "
275,Have you forgotten?,O ti gbàgbé ni?
276,What is it?,Kí ni?
277,Very tangible amount,Owó tó tangible
278,You know what,O mọ nǹkan tó ṣẹlẹ̀
279,I am going out to have fun,Mò ń jade lọ ṣe fàájì
280,"If you don't want to go, you are on your own "," Tí ìwọ ò bá fẹ́ lọ, ìwọ lo mọ̀"
281,What is it?,Kí ni?
282,Don't go yet,Má ì tí ì lọ
283,Let's play a bit,Jẹ́ á ṣeré díẹ̀
284,Help me keep this makeup kit for me,Bá mi keep àwọn ohun ìkunjú yìí
285,Make up,ohun ìkunjú
286,We can't be having a quickie now,A ò lè sáré ṣeré ìfẹ́ báyìí
287,"Bye, love you!","Ó dàbọ̀ , mo nífẹ̀ẹ́ ẹ!"
289,Keep those makeup kit well,Keep àwọn ohun ìkunjú yẹn dáadáa
291,What happened?,Kí ló ṣẹlẹ̀ ?
293,I see you touching me,Mo ri pé ò ń fọwọ́ kàn mí
294,"Nothing, I'm just patting you to sleep"," Kò sí nǹkan, mò ń fọwọ́ gbà ẹ lẹ́yìn kí ó lè sùn"
295,Femi what is it now?,Fẹ́mi kí ló ṣẹlẹ̀ báyìí?
296,Why are you running your hands through my body like this?,Kílódé tí ò ṣe ń fi ọwọ́ pamí lára báyìí
297,What is happening?,Kí ló ṣẹlẹ̀?
298,You should understand by now,Ó yẹ kí ó ti yé ìwọ náà látẹ̀ẹ̀kan now
299,Understand what?,Kí ni ó ń yé mi?
300,Let do this thing,Jẹ́ á ṣe kiní yìí
301,Let's get down,Jẹ́ kí a bẹ̀rẹ̀
302,(Mimics him),( Ń sín in jẹ)
303,Please I am tired,Jọ̀wọ́ ó rẹ̀ mí
304,How come you are tired?,Báwo ló ṣe máa rẹ̀ ẹ́
305,You can't be tired now,Ko lè rẹ̀ ẹ́
306,I did all the house chores today,Ṣebí èmi ni mo ṣe gbogbo iṣẹ́ ilé yìí lèní 
307,hmm (Hisses), hmm (Pòṣé)
308,"Femi you know what, if you don't stop touching me, I will send you to the guest room or wherever"," Fẹ́mi o mọ nǹkan, tí o kò ba dẹ́kun fífi ọwọ́ kàn mí, màá lé ẹ lọ sí yàrá àlejò tàbí ibòmíràn"
309,Are you alright?,Ṣe ó gbádùn?
310,I am tired,Ó rẹ̀ mí
311,Can't you hear?,Ṣé o ò gbọ́ràn ni?
312,Don't touch me!,Má fi ọwọ́ kàn mí!
313,Stop crying now,Yéé sunkún
315,Who is there,Ta ló wà  níbẹ̀
316,Miss Bimbo,Omidan Bímbọ́
317,It is okay,Ó ti tó
318,Sorry o,Pẹ̀lẹ́ o
319,Good day Mr Femi,Ẹ ǹlẹ́ ọ̀gbẹ́ni Fẹ́mi
320,I heard Junior's voice so I came to check on you,Mo gbọ́ ohùn Junior ni mo ṣe ní kí n yọjú si ẹ
322,He's been crying all day,Bó ṣe ń sunkún látàárọ̀ náà nìyẹn
323,I've been trying to calm him down but he's not even calming down,Mò ti ń gbìyànjú láti rẹ̀ ẹ́ lẹ́kun ṣùgbọ́n kò gbọ́
324,Junior it's okay,Junior ó titó
326,What has daddy done to you?,Kí ni daddy ṣe fún ẹ?
327,Is it mummy?,Ṣé  mummy ni?
328,He is running temperature,Ara ẹ̀ ń gbóná gan
329,I also noticed,Èmi náà ṣàkíyèsí
330,Should we take him to the hospital?,Ṣé kí a gbé e lọ sí hospital ni?
331,It's not up to that,Kò tí ì le tó yẹn
332,He should be fine,Ara ẹ̀  máa yá
333,Mike! Thank God Mike is here,Mike! Ọlọ́run ṣeun Mike ti dé
334,What is wrong with him?,Kí ló ṣe é?
335,"I don't even know, he's been crying since morning","Mi ò mọ̀, láti àárọ̀ ló ti ń sunkún"
337,What of his mom?,Màmá ẹ̀ ńkọ́?
338,She left since yesterday morning,Àti àárọ̀ àná ló ti jáde
340,Have you tried to give him something to eat?,Ṣé ẹ ti gbìyànjú láti fún ún lóúnjẹ?
341,"He's not taking anything, he refused to eat","Kò gba nǹkankan, ó kọ̀ láti jẹun"
343,Should we just go to the hospital?,Ṣé kí a lọ sí ilé ìwòsàn
344,I'm a nurse I feel it's just fever,"Nọ́ọ̀sì ni mí, ibà lásán ni mo rò pé ó jẹ́"
345,It's not something too serious,Kìí ṣe nǹkan tí ó le jù
347,So what do we do now?,Kí ni kí á ṣe báyìí?
348,Do you have paracetamol at least?,Ǹjẹ́ ẹ ní parasítámọ̀?
350,I mean the one for babies,Èyí tí wọn ṣe fún ọmọdé ni mò ń sọ
351,I don't know about that,Mi ò mọ̀ nípa ìyẹn
352,I'm sure there should be,O yẹ kí ó wà
353,Check his drugs,Ẹ yẹ oògùn rẹ̀ wò
354,John? How did he find me on Facebook?,John? Báwo ló ṣe wá mi rí lórí Fesibúùkù?
355,"Okay, let's hear what he has to say","Ó dáa, jẹ́ kí á gbọ́ ohun tí ó ní láti sọ"
356,My number?,Nọ́mbà mi?
358,So fast,Kíákíá ni
359,(Phone conversation),(Ìtàkùrọ̀sọ lórí ẹ̀rọ ìbánisọ̀rọ̀)
360,"Dear, the washing machine is faulty so I'm thinking of doing the laundry manually","Ìfẹ́ mi, ẹ̀rọ ìfọsọ tí bàjẹ́ mo dẹ̀ ń rò ó pé kí n fọwọ́ fọ aṣọ"
361,Do you want me to do yours too?,Ṣé kí n bá ẹ fọ tìẹ náà?
362,Just do whatever it is that you like?,Ṣáá ṣe ohun tí o bá wù ẹ́?
363,"Oh, okay",Ó dáa
364,Are you on the phone,Ṣé ò ń ṣe nǹkan lórí ẹ̀rọ ìbánisọ̀rọ̀
365,Yes I am and you are disturbing me right now,"Bẹ́ẹ̀ ni, o dẹ̀ ti ń ni mí lára báyìí"
366,Who are you talking to?,Ta ni ò ń bá sọ̀rọ̀
367,Oh sorry! I forgot you told me not to ask you again,Pẹ̀lẹ́! Mo ti gbàgbé pè o ní kí n má máa bèèrè mọ́
368,I'll just go and do the...,Mà á kàn lọ ṣe….
369,I got the pink one too,Mo rí píǹkì yẹn náà
370,Why is he acting like an idiot?,Kílódé tí ó ṣe ń hùwà bí i òmùgọ̀
371,"I'm on the phone, is it not obvious that I am on the phone?","Mo wà lórí aago, ṣé kò rí i ni?"
372,(Phone conversation),(Ìtàkùrọ̀sọ lórí ẹ̀rọ ìbánisọ̀rọ̀)
373,"So tell me, you're actually the landlord of that house?","Sọ fún mi, Ìwọ lo ni ilé yẹn?"
374,"Yeah, I own that property and a few outside of town","Bẹ́ẹ̀ ni, èmi ni mo ni ilé yẹn àti àwọn mìíràn lẹ́yìn odi ìlú"
377,"But back then in the university, you were not born with a plastic spoon not to talk of a silver spoon ","Ṣùgbọ́n nígbà tí a wà ní ilé-ẹ̀kọ́ gíga, o ò rí ṣe"
378,So how did you come about all this wealth?,Báwo ni o ṣe wá ní gbogbo owó yìí?
379,Just abuse me instead...,Kúkú bú mi...
380,"Hard work pays, I have always been a hardworking man. You know that","Iṣẹ́ takuntakun lérè, o mọ̀ pé mo mú iṣẹ́ ní ọ̀kúnkúndùn. O mọ̀ béè"
381,And this is the result,Èrè rẹ̀ nìyí
382,"That's true, hardwork pays, you know"," Òótọ́ ni, iṣẹ́ takuntakun lérè, o mọ̀"
383,"Nice one, so good to see you again."," Ó dáa bẹ́ẹ̀, inú mi dùn láti rí ẹ ní ẹ̀ẹ̀kan sí i."
384,"Hey babe, sorry I kept you waiting","Ìfẹ́, má bínu pé mo dá ẹ dúró"
385,Your phone has been ringing,Ẹ̀rọ ìbánisòrọ̀ rẹ tí ń dùn
387,Femi! I don't know why he's been calling,Fẹ́mi! Mi ò mọ ìdí tí ó fi ń pè mí
388,I told him I won't be coming home for a week,Mo sọ fún un pé mi ò ní wálé fún ọ̀sẹ̀ kan
389,That's why I left my car with him,Ìdí rè é tí mo ṣe fi ọkọ̀ mi sílẹ̀ pẹ̀lú rẹ̀
390,"Once he's tired, he'll stop calling"," Tí ó bá sú u, á yéé pè"
391,Please let's go,Jọ̀wọ́ jẹ́ á lọ
392,Are you Sure?,Ṣé ó dá ẹ lójú?
394,(Knocks her door),(Ń kan ilẹ̀kùn rẹ)
395,Come in,Ẹ wọlé
396,Good morning sir,Ẹ káàárọ̀ Sà
397,Good morning,Ẹ káàárọ̀
398,Are you Mr Femi Mobolorunduro?,Ṣé èyín ni ọ̀gbẹ́ni Fẹ́mi Mobọ́lọ́rùndúró?
399,"But, I don't think I have seen these faces before","Ṣùgbọ́n, mí ò rò pé mo ti rí ojú yìí rí"
400,"Yes, I am detective Bosun from the state CID","Bẹ́ẹ̀ ni, èmi ni Ọ̀tẹlẹ̀múyẹ́ Bọ̀sun láti ẹ̀ka ìṣèwádìí ọ̀ràn ní ìpínlẹ̀"
401,Detective Bewaji,Ọ̀tẹlẹ̀múyẹ́ Bẹ́wàji ni mí
402,So what can I do for you please?,Ẹ jọ̀wọ́ kí ni mo lè ṣe fún yín?
403,Sir you are under arrest,Òfin gbé yín sà
404,For what,Fún kíni
405,What have I done?,Kí ni mo ṣe?
406,Sir you don't need to say anything,Sà Ẹ ko nílò láti sọ nǹkankan
407,Anything you say can or will be used against you in the court of law,Ohunkóhun tí ẹ bá sọ la ó lò takò yín nílé ẹjọ́
408,"But sir, please I have my baby in the room sleeping ",Ẹ jọ̀wọ́ ọmọ mi ń sùn nínú ilé
409,I'm thinking maybe you should give me the address,Mò ń rò ó pé tí ẹ bá lè fún mi ní àdírẹ̀si
410,I'll come and meet you there,Màá wá bá a yín níbẹ̀
411,Sorry you have to call someone to do that for you," Ẹ má bínú, ẹ ní láti pe ẹlòmíràn láti bá yín mójú tó o"
412,You will have to follow us now,Ẹ  máa nílò láti tẹ̀lẹ́ wa báyìí
413,After you sir,Lẹ́yìn yín sà
414,Miss Bimbo,Omidan Bímbọ́
415,This way sir,Ẹ gba ibí sà
416,Miss Bimbo,Omidan Bímbọ́
417,Mr Femi Bolorunduro,Ọ̀gbẹ́ni Fẹ́mi Bọ́lọ́rùndúró
418,Are you ready to confess now?,Ǹjẹ́ ẹ ti ṣetán láti jẹ́wọ́?
419,Are you ready or you are still sticking to your story?,Ǹjẹ́ ẹ ṣẹtán àbí nǹkan kan náà lẹ tún fẹ́ sọ?
420,I don't know what you want me to say,Mi ò mọ ohun tí ẹ fẹ́ kí n sọ
421,"That particular day, I was home with my lovely child ","Lọ́jọ́ náà, mo wà nílé pẹ̀lú ọmọ mi"
422,These police men came and arrested me without explaining anything,Àwọn ọlọ́pàá yìí wá mú mi láìṣe àlàyé ohunkóhun fún mi
423,And they kept asking me the same question all over again,Ìbéèrè kan náà ni wọ́n ti ń bi mí láti ìgbà náà
424,It is my job to keep asking you till you tell me the truth,Iṣẹ́ mi ni láti máa bèèrè títí tí ẹ ó fi jẹ́wọ́
425,That's the truth,Òtítọ́ nìyẹn
426,You don't know the amount of trouble you are in,Ẹ ò mọ inú irú wàhálà tí ẹ wà
427,Cooperate with me,Ẹ fọwọ́ sowọ́pọ̀ pẹ̀lú mi
428,maybe I might be able to help you,bóyá mo máa lè ràn ẹ́ lọ́wọ́
429,That's the truth,Òótọ̀ nìyẹn
430,"God have mercy on me, what is all this? ","Ọlọ́run ṣàánu mi, kí ni gbogbo eléyìí  báyìí?"
431,Hello Esther,Ǹlẹ́ Esther
432,Báwo ni?,How are you?
433,I was called from a police station,Wọ́n pè mí láti police station
434,They said Femi is in their custody,Wọ́n ní Fẹ́mi wà lọ́dọ̀ wọn
435,What's going on?,Kí ló ń ṣẹlẹ̀
437,That's where I'm heading to now,Ibẹ̀ lèmi náà ń lọ báyìí
438,Meet me there,Bá mi níbẹ̀
439,That's where I'm hurrying to,Ibẹ̀ lèmi náà ń sáré lọ
440,Meet me there,Bá mi níbẹ̀
441,Only God knows what kind of situation this is,Ọlọ́run nìkan ló mọ irú nǹkan wo leléyìí 
442,I don't know what this is,Mi ò mọ ohun tí eléyìí jẹ́
443,What could be the cause of this kind of situation,Kí ni ó lè fa irú nǹkan tó ṣẹlẹ̀ yìí
444,Police Station?,Àgọ́ ọlọ́pàá?
445,Come and sit down,O ò dẹ̀ wá jókòó
446," Bola, I can't sit","Bola, mi ò lè jókòó "
447,I am scared to go back home,Ẹ̀rù ti ń bà mí láti lọ sílé
448,Thank God Junior is with our neighbor," Ọlọ́run ṣe é, Junior wà lọ́dọ̀ ará ilé wa."
449,I don't know,Mi ò mọ̀
450,I’ m too tired,Ó sú mi
451,What exactly is bothering you?,Kí ni nǹkan tí ó ń dà ẹ́ láàmú gan?
452,"Bola, I was the last person to drive that car ","Bọ́lá, èmi ni mo wa ọkọ̀ yẹn kẹ́yìn"
453,So what are you insinuating?,Kí ni ò ń gbìyànjú láti sọ?
454,I don't understand,Kò yé mi
455,That you are the murderer?,Pé ìwọ ni apààyàn
456,Sorry? Are you alright,Jọ̀ọ́? Ṣé o gbádùn
457,What are you saying?,Kí ni ò ń sọ?
458,Murderer as how?,Apààyàn báwo?  
459,I took the car to my boyfriend’s house,Mo gbé ọkọ̀ náà lọ sí ilé ọ̀rẹ́kùnrin mi
460,Now everyone will know I am cheating on my husband," Nísìnyí, gbogbo èèyàn máa mọ̀ pé mò ń yan ọkọ mi jẹ"
461,It's crazy!,Kò ṣe é gbọ́!
462,I don’t know,Mi ò mọ̀
463,"Bola, why are you not saying anything? ","Bọ́lá, kílódé tí o ò sọ nǹkankan?"
464,Is that the reason why you didn't involve the police?,Ṣé ìdí tí o ò ṣe fi tó ọlọ́pàá létí nìyẹn?
465,What are you going to do?,Kí ni o fẹ́ ṣe?
466,"You have to involve the lawyer, you guys have a lawyer right? "," O ní láti pe agbẹjọ́rò, ṣé ẹ ní agbẹjọ́rò?"
467,"Yes, you said you wanted to see me ",Ẹ ní ẹ fẹ́ rí mi
468,"Yes I want to see you, I don't know what I am doing here ","Bẹ́ẹ̀ ni, mo fẹ́ rí i yín, mi ò mọ nǹkan tí mò ń ṣe níbí"
469,You just locked me up for nothing,Ẹ kàn tì mí mọ́lé láìnídìí
471,What have I done?,Kí ni mo ṣe?
472,Funny! Did you just ask me why?, O pa mí lẹ́rìn ín! Ṣé ò ń béèrè ìdí lọ́wọ́ mi?
473,Because you are a criminal! That is why," Ọ̀daràn ni ẹ́, ìdí nìyẹn"
474,But this is not fair,Ṣùgbọ́n èyí ò dáa
475,When they said you wanted to see me I thought you wanted to confess...,Nígbà tí wọ́n ní o fẹ́ rí mi mo rò pé o fẹ́ jẹ́wọ́ ẹṣẹ ni...
476,"... So we can move on, but I can see you are not ready to cooperate ","... Kí a lè tẹ̀ síwájú, ṣùgbọ́n mo rí i pé ẹ ò ṣe tán láti jẹ́wọ́"
477,Let me tell you,Jẹ́ kí n sọ fún ẹ
478,You will remain here till court hearing,Ibi ni ẹ máa wà títí di àsìkò ìgbẹ́jọ́
479,"This is not fair, have mercy on me ","Eléyìí ò dáa, ẹ ṣàánú mi"
480,The car we are talking about is not even mine,Ọkọ̀ tí à ń sọ̀rọ̀ ẹ̀ yìí kò ń ṣe tèmi gan
481,Dear you're not talking,Olólùfẹ́ o ò sọ̀rọ̀
482,What do you want me to say?,Kí ni o fẹ́ kí n sọ?
483,Is it true?,Ṣé òótọ́ ni?
484,It is true,Òótọ́ ni
485,I needed a car so I had to get one,"Mo nílò ọkọ̀, mo sì ra'kan"
486,You know I love you,O mọ̀ pé mo nífẹ̀ẹ́ ẹ
487,Why would I get angry,Báwo ni mo ṣe máa bínú
488,Because you got a car,Nítorí pé o ra ọkọ̀
489,I'm sorry,Má bínú
490,I promise to bring it home,Mo ṣe ìlérí láti gbe wálé
491,"Dear, where were you able to get that kind of money","Ìyàwó mi, níbo lo ti rí irú owó yẹn"
492,I can't remember us getting that kind of alert,Mi ò rántí pé a gba irú owó yẹn wọlé
493,Well your husband said you own the car,Ọkọ yín ní ẹ̀yin lẹ ni ọkọ̀
494,Of course it is my car,"Bẹ́ẹ̀ ni, ọkọ̀ mi ni"
495,You bought it?,Ẹ̀yin lẹ rà á?
496,"Yes, it is my car ","Bẹ́ẹ̀ ni, ọkọ̀ mi ni"
497,But the car is always in possession of my husband,Ṣùgbọ́n ọwọ́ ọkọ mi ni ó máa ń wà
498,"In fact, I take permissions each time I want to use the car ","Kódà, mo máa ń tọrọ àyè nígbà tí mo bá fẹ́ lò ó"
499,Does that make my husband a murderer?,Ṣé ìyẹn ti sọ ọkọ mi di apààyàn?
500,That does not make me a killer anyway,Kò sọ èmi náà di apààyàn
501,"You know what, there must be a mix up somewhere ","Ẹ mọ nǹkan, dàrúdàpọ̀ kan ti wà níbìkan"
502,"Because if I can remember vividly, I have not been home for a while ","Nítorí tí mo bá rántí dáadáa, ó ti pẹ́ díẹ̀ tí mi ò ti sí nílé"
503,Does that make my husband the killer?,Ṣé ìyẹn ti sọ ọkọ mi di apààyàn?
504,So what? The evidence appeared in your car,Kíni? Inú ọkọ̀ yín ni wọ́n ti bá ẹ̀rí
505,Can you please tell us where you were on the day of murder?,Ṣé ẹ lè sọ ibi tí ẹ wà ní ọjọ́ tí wọ́n ṣekú pa ẹni yìí?
506,What murder? And at what time?,Ìṣekú pa èwo? Ní àsìkò wo?
508,"On the 4th of September, precisely three days ago ","Ní ọjọ́ kẹ́rin oṣù ọ̀wẹwẹ̀, ìjẹ́ta yìí ni"
509,You said you have not been home for a while,Ẹ ní ó ti ṣe díẹ̀ tí ẹ ò ti sí nílé
510,So where were you?,Níbo ni ẹ wá wà?
511,"If I am not under arrest, I will like to go home  ",Mo fẹ́ máa lọ sílé tí òfin ò bá tí ì gbé mi
512,"But if I am, I will like to speak with my lawyer ","Tí òfin bá sì ti gbé mi, mo fẹ́ bá agbẹjọ́rò mi sọ̀rọ̀"
513,"And if you cannot tell us exactly where you were, you will be placed under arrest ","Tí ẹ kò bá sọ ibi tí ẹ wà lásìkò náà, a máa fi òfin gbé yín"
514,Excuse me?,Kí ni ẹ wí?
515,Excuse you?,Kí ni mo wí?
516,"And apart from that, she's not just a Nigerian ","Yàtọ̀ sí èyí, kì í ṣe ọmọ orílẹ̀-èdè Nàìjíríà lásán"
517,A full citizen and a commissioner's daughter and I bet you...,"Ọmọ kọmíṣọ́nà ni, ó dá mi lójú..."
518,You won't get away with this,Ẹ ò ní mú èyí jẹ
519,Get away with what?,Mú kíni jẹ?
520,Let's see,Ẹ jẹ́ kí a máa wò ó
521,(Music going),(Orin) lọ́
522,Come now! Let me show you something,Wá! Jẹ́ kí n fi nǹkan hàn ẹ́
523,"Okay, what is it? "," Ó dáa, kí ni?"
524,It's yours,Tìẹ ni
525,Oh my God! Thank you so much,Ọlọ́run mi ò! O ṣé gan
526,I love you,Mo nífẹ̀ẹ́ ẹ
527,I love you too,Mo nífẹ̀ẹ́ ìwọ náà
528,Thank you,O ṣé
529,You're welcome,Kò tọ́pẹ́
530,"But John, how do I explain this to my husband ","Ṣùgbọ́n John, báwo ni mo ṣẹ̀ fẹ́ ṣàlàyé eléyìí fún ọkọ mi"
531,It's easy why are you acting like a Jew,"Kò le rárá, kí ló dé tí ò ń ṣe bí àsè"
532,Register the car in his name and use your biometrics,Ṣe ìwé ọkọ̀ náà ni orúkọ rẹ̀ kí o sì lo ìdánimọ̀ tìrẹ
533,That way you don't have to worry about...,"Báyẹn, o ò nílò láti dààmú nípa..."
534,That sounds like a good idea,Ó jọ pé àbá yẹn dára
535,What do you think?,Kí lo rò?
536,Thank you,O ṣé
537,I know,Mo mọ
538,Thank you so much,O ṣé gan
539,"Wow, I’m so happy ",Inú mi dùn gan
540,Come here!,Wá ń'bí!
541,What is happening?,Kíni ó ń ṣẹlẹ̀?
542,"Wait now, where are you going?","Dúró, níbo lò ń lọ?"
544,"Esther, will you marry me? "," Esther, ṣé o máa fẹ́ mi?"
545,"John, you seriously need to calm down ","John, o ní láti farabalẹ̀ gidi"
546,Will you marry me?,Ṣé o máa fẹ́ mi?
547,I am still married,Mo ṣì wà nílé ọkọ
548,I know,Mo mọ̀
549,"But listen, way from university days we've always had a connection ","Ṣùgbọ́n tẹ́tí, láti ilé-ẹ̀kọ́ gíga ni a jọ ní nǹkan pọ̀"
550,It has to be God's plan now,Ó ń ní láti jẹ́ èrò Ọlọ́run nísinsìnyí
551,You know what I'm sorry I can't,"O mọ nǹkan, má bínú mi ò lè ṣe bẹ́ẹ̀"
552,"I was with him, I mean John ","Mo wà pẹ̀lú ẹ̀, John ni mò ń sọ"
553,But I want this to be between you and I,Ṣùgbọ́n mo fẹ́ kí èyí wà láàárín èmi pẹ̀lú yín
554,"I don't want my husband to find out, at least not like this ","Mi ò fẹ́ kí ọkọ mi mọ̀, kì í ṣe lọ́nà yìí"
555,This man you are talking about is your alibi?,Ọkùnrin tí à ń sọ̀rọ̀ nípa ẹ̀ ni ẹlẹ́rìí yín?
557,Does he have access to your car?,Ṣé ó máa ń lo ọkọ̀ yín?
558,"No, trust me. ","Rárá, ẹ gbà mí gbọ́."
559,Because he has fleet of cars,Nítorí ó ní ọ̀pọ̀lọpọ̀ ọkọ̀
560,Although he got me this particular car,Bí ó tilẹ̀ jẹ́ pé òun ni ó ra ọkọ̀ tí à ń sọ yìí fún mi
561,"Mr Femi, the only people with access to this car is you and your wife ","Ọ̀gbẹ́ni Fẹ́mi, ẹ̀yin àti ìyàwó yín nìkan ni ẹ máa ń lo ọkọ̀ yìí"
562,And she has an alibi,Ó sì ní ẹlẹ́rìí
563,Who is the Alibi?, Ta ni Ẹlẹ́rìí?
564,I'm not at liberty to discuss that with you,Àyè ò gbà mí láti máa bá a yín sọ ìyẹn
565,But that doesn't make me the person that committed the offence,Ṣùgbọ́n ìyẹn ò túmọ̀ sí pé èmi ni mo dá ọ̀ràn náà
566,Please can I talk to my wife?,Ẹ jọ̀wọ́ ṣé mo lè bá ìyàwó mi sọ̀rọ̀?
567,No you can't,Rárá ẹ ò lè bá a sọ̀rọ̀
568,Tell me where you were and who can corroborate your story,Ẹ sọ ibi tí ẹ wà ní ọjọ́ náà àti ẹni tí ó lè fi ìdí ọ̀rọ̀ yín múlẹ̀
569,That should be my friend Mike,Ọ̀rẹ́ mi Mike nìyẹn
570,"Mr Mike, you said you want to see him, now you are here "," Ọ̀gbẹ́ni Mike, ẹ ní ẹ fẹ́ rí wọn, ẹ ti wà níbí"
571,You know you are not even supposed to be here,Kò yẹ kí ẹ wà níbí
572,"So whatever you have to discuss, say it in my presence ",Ẹ máa sọ ohunkóhun tí ẹ bá fẹ́ sọ lójú mi
573,"Femi, why have you refused to speak to him? ","Fẹ́mi, kí ló dé tí o kọ̀ láti bá wọn sọ̀rọ̀?"
574,Refuse to talk to him? But I'm speaking to you,Kọ̀ láti bá wọn sọ̀rọ̀? Ṣùgbọ́n mò ń bá yín sọ̀rọ̀
575,Why didn't you tell him what we saw,Kí ló dé tí o ò ṣe sọ nǹkan tí a rí fún wọn?
576,"But we were together that day, weren't we? ","Ṣebí a jọ wà papọ̀ ní ọjọ́ yẹn ni, àbí bẹ́ẹ̀ kọ́?"
577,"Oh, are you talking about us driving round the town? ",Àbí ò ń sọ̀rọ̀ nípa bí a ṣe wa ọkọ̀ kiri ìlú
578,In fact you are the criminal,Ẹ̀yin gan ni ọ̀daràn
579,I am not a criminal,Mi ò kí ń ṣe ọ̀daràn
580,This guy wants to land himself in trouble,Ọkùnrin yìí fẹ́ kó ara rẹ̀ sí wàhálà
581,"I don’t know, I was told he was arrested for murder "," Mi ò mọ̀, wọ́n sọ fún mi pé wọ́n mú un fún ẹ̀sùn ìpànìyàn"
582,Murder? Of who?,Ìpànìyàn? Ta ló pa?
583,I think they found something,Ó dàbí pé wọ́n rí nǹkankan
584,"When they came, they were checking his trunk ","Nígbà tí wọ́n wá, wọ́n ń yẹ ẹ̀yìn ọkọ̀ rẹ̀ wò"
585,They were checking his trunk?,Wọ́n ń yẹ ẹ̀yìn ọkọ̀ rẹ̀ wò
587,"But the car belongs to his wife, not his  ","Ṣùgbọ́n ìyàwó rẹ̀ ló ni ọkọ̀, kì í ṣe tirẹ̀"
588,"Poor guy, I hope he has not gotten himself in trouble ","Ọmọlọ́mọ, mo lérò pé kò tí ì kó ara rẹ̀ sí wàhálà"
589,So you are familiar with him too?,Ṣé ìwọ náà mọ̀ ọ́n dáadáa?
590,"Of course, even with his syndrome ","Bẹ́ẹ̀ ni, mo mọ àmì àìsàn rẹ̀ náà"
591,It has to do with the brain,Ó ní í ṣe pẹ̀lú ọpọlọ
593,Brain? What syndrome are you talking about?,Ọpọlọ? Àmì àìsàn wo ni ò ń sọ̀rọ̀ nípa rẹ̀?
594,It is called developmental disorder,Wọ́n máa ń pè ní developmental disorder
595,Wait! Are you telling me you are not familiar with it?,Dúró! Ṣé ẹ̀ ń gbìyànjú láti sọ pé ẹ kò mọ̀ nípa rẹ̀?
596,How did you know all these?,Báwo ni ìwọ ṣe mọ gbogbo eléyìí?
597,How did you come up with all these things you’re saying?,Báwo ni o ṣe mọ gbogbo ohun tí ò ń sọ yìí?
598,I'm a nurse and I live with them," Nọ́ọ̀sì ni mí, a sì jọ ń gbé ni"
599,I practically know how slow he is,Mo mọ bí ó ṣe máa ń lọ́ra sí
600,Very slow,Ó máa ń lọ́ra gan an
601,Too slow as a matter of fact,Ó ti lọ́ra jù pàápàá
602,"I hope he's fine, but it can be treated "," Mo lérò pé ó máa wà ní àlàáfíà, ó ṣe é tọ́jú"
603,"It's a condition, a mental condition "," Àìsàn ni, àìsàn ajẹmọ́pọlọ ni"
604,Oh well! but he has to speak up,Ó da! Ṣùgbọ́n ó ṣì nílò láti sọ̀rọ̀
605,"Because he's the prime suspect here, he fits the description of the witness perfectly ","Nítorí pé òun ni ẹni tí a fura sí jùlọ, ó sì bá àpèjúwe tí ẹlẹ́rìí ṣe fún wa mu"
606,Femi you are facing a jail term that you are not supposed to face,Fẹ́mi ẹ̀wọ̀n tí kò kàn ẹ́ lò ń dojúkọ yìí
607,Do you know you are going to lose your child?,Ṣé o mọ pé o máa pàdánù ọmọ ẹ?
608,"Your child, Femi "," Ọmọ ẹ, Fẹ́mi"
609,But I don't know what you guys are talking about,Ṣùgbọ́n mi ò mọ nǹkan tí ẹ̀ ń sọ
610,"I'm not a murderer, I didn't kill anyone ","Mi ò kí ń ṣe apààyàn, mi ò pa ẹnikẹ́ni"
611,I don't even know the face of the person that was murdered,Mi ò tiẹ̀ mọ ojú ẹni tí wọ́n pa
612,I don't know what is happening here,Mi ò mọ̀ nǹkan tí ó ń ṣẹlẹ̀ níbí
613,Why don't you just start by telling him what we saw,O ò ṣe bẹ̀rẹ̀ pẹ̀lú ohun tí a rí
614,That will save you a court trial that might even land you in jail,Ìyẹn á ṣì gbà ẹ́ lọ́wọ́ ìgbẹ́jọ́ tí ó lè mú ẹ dèrò ẹ̀wọ̀n
615,What we saw?,Nǹkan tí a rí?
616,How far,Báwo ni
617,So when did she leave,Ìgbà wo ni ó kúrò
618,Not quite long,Kò tí ì pẹ́ púpọ̀
619,"Femi, you are not an idiot why do you behave like one ","Fẹ́mi, o ò kí ń ṣe Ọ̀dẹ̀, o dẹ̀ ń hùwà bí ọ̀dẹ̀"
620,I told you that when she's ready to leave you should  call me,Mo sọ fún ẹ pé kí o pè mi tí ó bá ti fẹ́ ma lọ
621,"Actually we were talking throughout, I didn't even remember "," À ń sọ̀rọ̀ ni, mi ò rántí mọ́"
622,But I'm scared of what she will do if she finds out,Ẹ̀rù nǹkan tí ó máa ṣe tí ó bá mọ̀ ń bà mí
623,So approximately how many minutes has she been gone for?,Á tí tó ìṣẹ́jú mélòó tí ó ti lọ?
624,"Mike we are wasting time, start this car and let's go "," Mike, à ń fi àkókò ṣòfò, ṣíná sí ọkọ̀ ká lọ"
625,"We might still see her, there's only one way out of this estate "," A ṣì lè rí i, ọ̀nà kan ṣoṣo náà ni àbájáde ibi ìtẹ̀dó yìí"
626,This girl has no shame,Ọmọbìnrin yìí ò ní ìtìjú
627,I mean even if she wants to mess up does she have to do with someone in the same estate with you?,"Tí ó bá tiẹ̀ máa ṣe ìranù, ṣé ó yẹ kí ó jẹ́ pẹ̀lú ẹni tí ó ń gbé ní ibi ìtẹ̀dó kan náà pẹ̀lú yín"
628,"Guy calm down, it's my wife we're talking about here ","Ọ̀gbẹ́ni fara balẹ̀, ìyàwó mi ni ẹni tí à ń sọ yìí"
629,"Moreover, we are not even seeing anything ","Síbẹ̀ náà, a ò sì tí ì rí nǹkankan náà"
630,Mike let's go back home," Mike, jẹ́ kí a padà sílé"
631,"Calm down now, we just got here "," Farabalẹ̀, a ṣẹ̀ṣẹ̀ dé ibi ni"
632,We can't start judging when we just arrived,A ò lè dá ẹjọ́ kankan nígbà tí a ṣẹ̀ṣẹ̀ dé
633,I need something to prove to you that your wife is sleeping with another man,Mo kàn nílò ẹ̀rí láti fìdí ẹ̀ múlẹ̀ fún ẹ pé ìyàwó ń bá ọkùnrin mìíràn sùn
634,You have started again,O tún ti bẹ̀rẹ̀
635,Do you know what I saw?,Ṣé o rí nǹkan tí mo rí ni?
636,You don't know the half of what I saw,O ò mọ ìlàjì nǹkan tí mo rí
637,And I was watching another guy fondle with your wife's boobies,Mo dẹ̀ ń wo bí ọkùnrin míìn ṣe ń fi ọyàn ìyàwó rẹ ṣeré
638,I know how that hurts but that is exactly what happened,"Mo mọ̀ pé ohun tí ó dunni láti gbọ́ ni, ṣùgbọ́n nǹkan tí ó ṣẹlẹ̀ nìyẹn"
639,"Mike, see I asked her and she said it is a lie ","Mike, wò ó mo béèrè lọ́wọ́ ẹ̀, ó dẹ̀ ní irọ́ ni"
640,She can even beat me for what I'm doing right now,Ó lè nà mí fún nǹkan tí mò ń ṣe lọ́wọ́lọ́wọ́ yìí
641,For talking to you again,Pé mo tún ń bá ẹ sọ̀rọ̀
642,Femi what is happening now?,Fẹ́mi kí ló ń ṣẹlẹ̀?
643,You're not an idiot but I don't know why you keep behaving like one," O ò kí ń ṣe Ọ̀dẹ̀, o dẹ̀ ń hùwà ọ̀dẹ̀"
644,So I told you something and you went and told your wife,"Mo sọ nǹkan fún ẹ, o sì lọ sọ fún ìyàwó ẹ"
645,But she's my wife now,"Àmọ́, ìyàwó mi ni"
646,"If she asked me, I'll tell her "," Bí ó bá bi mí, mà á sọ fún un"
647,"Wait, it's like someone is coming out ","Dúró, ó dàbí pé ẹnìkan ti ń jáde bọ̀"
648,She's the one,Òun ni
649,You see what I'm saying,Ṣé o ti rí nǹkan tí mò ń sọ
650,Hide yourself,Fi ara rẹ pamọ́
651,"I'm hiding, I just want to be sure you see what I'm seeing "," Mò ń fara pamọ́, mo kàn fẹ́ rí i dájú pé o rí ohun tí mo rí"
652,Who is this man?,Ta ni ọkùnrin yìí?
653,Is that my wife?,Ṣé ìyàwó mi nìyẹn?
654,It is my future wife,Ìyàwó ọjọ́ iwájú mi ni
655,"Sleep now, it's past your bedtime ","Sùn, asiko oorun ẹ ti kọjá"
656,Are you sleeping now,Ṣé o ti ń sùn
657,There is trouble,Wàhálà wà o
658,"Hold on Femi, what is your problem? ","Ní sùúrù Fẹ́mi, kí ni ìṣòro ẹ?"
659,You kept calling and calling and calling,Ò ń pè mí títítí
660,Do you want to kill my battery?,Ṣé o fẹ́ pa bátìrì fóònù fún mi ni?
661,Don't you know that someone is busy if you call her for up to three times and she does not pick it,"Ṣé kò yẹ kí o mọ̀ pé to bá ti pe èèyàn lẹ́ẹ̀kan lẹ́ẹ̀mejì lẹ́ẹ̀mẹ́ta tí kò gbe, ẹni náà ń ṣe ǹkan lọwọ ni?"
662,Busy indeed,Ó ń ṣiṣẹ́ náà ni
663,I saw the way you were busy,Mo rí bí o ṣe ń ṣiṣẹ́
664,Are you talking to me?,Ṣé èmi lò ń bá wí?
665,"I don't understand, what do you mean by that? "," Kò yé mi, kí ni ìtumọ̀ ìyẹn?"
666,I actually suspected you and I followed you in Mike's car,Mo fura sí ẹ mo sì tẹ̀lé ẹ nínú ọkọ̀ Mike
667,Yes I saw everything,Mo rí gbogbo ẹ̀
668,Mike again?,Mike tún ni
669,You really need to tell that your friend to mind his business,O ní láti sọ fún ọ̀rẹ́ ẹ yẹn pé kí ó ṣọ́ igbá ẹ̀
670,Don't water down my conversation ,Kí ó yé dá sí ọ̀rọ̀ mi
671,"Please, whose house were you at? "," Jọ̀ọ́, ilé ta ni o wà yẹn ná? "
672,If I hear this thing from anyone else,Tí mo bá gbọ́ ọ̀rọ̀ yìí lẹ́nu ẹlòmíì
673,I am going to kill you and then leave you,"Mo máa pa ẹ́, mo dẹ̀ máa fi ẹ́ sílẹ̀"
674,Do you hear me? Idiot,Ṣé o gbọ́ mi? Ọ̀dẹ̀
675,"You too, it's okay ","Ìwọ náà, ó ti to"
676,Where to?,Níbo ló wá dà?
677,What stupid question are you asking me?,ìbéèrè òṣì wo lò ń bi mí yẹn?
678,Where are you going to?,Níbo lò ń lọ?
679,I'm going to my friend's place and I'm going to spend the weekend there,Mò ń lọ sí ọ̀dọ̀ ọ̀rẹ́ mi ibẹ̀ ni mo ti máa ṣe òpin ọ̀sẹ̀
680,But you just came in now?," Àmọ́, o ṣẹ̀ṣẹ̀ dé ni?"
681,Won't you spend time with your family?,Ṣé o kò ní lo àsìkò pẹ̀lú ìdílé ẹ ni?
682,Who is this your friend?,Ta ni ọ̀rẹ́ ẹ yìí?
683,I don't even know your friend,Mi ò tiẹ̀ mọ ọ̀rẹ́ ẹ
685,Don't even start,Má bẹ̀rẹ̀ o
686,Don't start crying,Má bẹ̀rẹ̀ ẹkún o
687,Thank God you are here,Ọlọ́run ṣeun pé ẹ wà níbí
688,He's awake,Ó ti jí
689,Why are you the one carrying him on your back?,Ó ṣe wá jẹ́ ẹ̀yin lẹ pọ̀n ọ́n?
690,His mother came in and she has gone back,"Ìyá ẹ wá nísìn, ó tún ti lọ"
691,"You too should sleep, you kept your eyes wide ",Ìwọ náà ò dẹ̀ sùn tí o dẹ̀ ranjú kalẹ̀
692,Don't talk to him like that,Ẹ má sọ̀rọ̀ sí i bẹ́yẹn
693,Time is far gone,Akoko ti lọ ni
694,"Leave him, he will sleep "," Ẹ fí í lẹ̀, ó máa sùn"
695,I think she left for this guy's place,Mo rò pé ó lọ sí ọ̀dọ̀ ọmọkùnrin yìí
696,What's the address?,Kí ni àdírẹ́sì ibẹ̀?
697,As you are,Bo ṣe wà yìí
698,Let me tell you something,Jẹ́ kí n sọ nǹkan fún ẹ
699,That you don't know,Tí o ò mọ
700,"This body right here, I love it","Ará yìí, mo féràn ẹ̀"
701,I love slim girls,Mo féràn obìnrin pẹlẹbẹ
702,Just turn around,Yí po
703,Don't be afraid o,Má bẹ̀rù o
704,All these things are very small,Àwọn nǹkan yìí kéré
705,You don't need them,O ò nilo wọn
706,You need a man like me,Irú ọkùnrin bí i tèmi lo nílò
707,Are you sure?,Ṣé ó dá ẹ lójú?
708,I'm very very sure,Ó dá mi lójú gan
709,You know my name?,Ṣé o mọ orúkọ mi?
710,You don't know my name?,O ò mọ orúkọ mi?
711,"Don't worry, I'll tell you later ","Má ṣèyọnu, màá sọ fún ẹ tó bá yá"
712,You understand?,Ó yé ẹ?
713,All these things,Gbogbo àwọn nǹkan yìí
714,Have no meaning,Kò ní ìtumò
715,"Good day, are you Mr John? ","Ẹ ǹlẹ́, ṣé ẹ̀yin ni ọ̀gbẹ́ni John"
716,Who is this?,Ta ni eléyìí
717,"Please answer the question, are  you Mr John "," Ẹ jọ̀wọ́ ẹ fèsì, ṣé ẹ̀yin ni ọ̀gbẹ́ni John"
718,What is this about?,Kí ni eléyìí dá lé?
719,"You're wasting my time, you can see I'm with a lady "," Ẹ̀ ń fi àkókò mi ṣòfò, ẹ rí i pé mo wà pẹ̀lú obìnrin"
720,Don't be rude please,Ẹ má hu ìwà àìlọ́wọ̀
721,"As you can see, we are from the police "," Gẹ́gẹ́ bí ẹ ṣe rí i, ọlọ́pàá ni wá"
722,Let me see your ID,Ẹ jẹ́ kí n wo ìdánimọ̀ yín
723,I am detective Bosun from the state CID,Èmi ni ọ̀tẹlẹ̀múyẹ́ Bosun láti ẹ̀ka ìṣèwádìí ọ̀ràn ní ìpínlè
724,And I'm detective Charles Okafor,Èmi sì ni ọ̀tẹlẹ̀múyẹ́ Charles Okafor
725,What do you want?,Kí ni ẹ fẹ́?
726,You are under arrest,Òfin gbé yín
727,For what?,Fún kíni?
728,When he gets to the station,Tí wọ́n bá dé àgọ́
729,He would know what he has done,Wọ́n máa mọ ohun tí wọn ṣe
730,"Baby girl, give me a second okay ","Ọmọ ẹ̀lẹ̀, fún mi ní ìṣẹ́jú kan"
731,Can I come with you,Ṣé kí n tẹ̀lé yín
732,Relax yourself,Fara rẹ balẹ̀
733,After you sir,Lẹ́yìn yín sà
734,This way,Ẹ gba báyìí
735,Come with us please,"Ẹ jọ̀wọ́, ẹ já lọ"
736,Myself and Esther,Èmi àti Esther
737,We've known each other since our university days,A ti mọra láti ilé-ẹ̀kọ́ gíga
738,I went to collect my house rent,Owó ilé mi ni mo lọ gbà
739,I met her mother in law and I saw her there,"Mo bá ìyá ọkọ ẹ, mo dẹ̀ rí i níbẹ̀"
740,We had an instant connection,A bẹ̀rẹ̀ sí í sọ̀rọ̀
741,Until that faithful day,Títí di ọjọ́ yẹn
742,Baby are you home,Ìfẹ́ ṣé o wà nílé
743,Who's there,Ta nìyẹn
744,It's me Esther,Èmi Esther ni
745,"I know you are in there, open the door ","Mo mọ̀ pé o wà nínú ilé, ṣí ilẹ̀kùn"
746,I'm coming baby,Mo ń bọ̀
747,Are you okay,Ṣé o wà dáadáa
748,I am,Mo wà
749,What kept you so long,"Kí ló mú ẹ pẹ́, mo ti ń kan ilẹ̀kùn tipẹ́"
750,I was working out upstairs,Mò ń ṣe eré ìdárayá lókè ni
751,You know how these things are,O mọ bí àwọn nǹkan yìí ṣe máa ń rí
752,Are you sure there is no body in this house,Ó dá ẹ lójú pé kò sí ẹnì kankan nínú ilé yìí
753,I was gone for like few minutes,Mo kàn lọ fún ìṣẹ́jú díẹ̀ ni
754,I wanted to get fresh clothes,Mo lọ mú aṣọ tuntun
755,"Detective, I didn't know what to do ","Ọ̀tẹlẹ̀múyẹ́, mi ò mọ nǹkan tí mo lè ṣe ni"
756,She had a few sniffs,Ó fà á díẹ̀
757,Her pulse stopped and she stopped breathing,"Ílùkìkì ọkàn-àyà rẹ dákẹ́, kò sì mí mọ́"
758,I didn't know what to do,Mi ò mọ nǹkan tí mo máa ṣe ni
759,"Look Esther came over, we went upstairs together ","Esther wá, a dẹ̀ jọ gùnkè"
760,"When she was upstairs, I put the body in the trunk of her car ","Nígbà tó wà lókè, mo lọ gbé òkú náà sínú ọkọ̀ rẹ̀"
761,I was confused,Ó rú mi lójú ni
762,What would you have me do?,Kí ni mi ò bá ṣe?
763,It wasn't my fault,Kìí ṣẹ ẹjọ́ mi
764,Nurse Bimbo,Nọ́ọ̀sì Bímbọ́
765,Why are you not in your uniform,Kí ló dé tí o ò wọ aṣọ iṣẹ́
766,But he said you asked him to see you,Ṣùgbọ́n àwọn sọ pé ẹ ní kí àwọn wá rí yín
767,So I decided to follow him,Mo wá ní kí n tẹ̀lé wọn
768,"Sorry, I forgot","Má bínú, mo ti gbàgbé"
769,Mr Bolorunduro,Ọ̀gbẹ́ni Bọ́lọ́rùndúró
770,Your condition,Ipò tí ẹ wà
771,I will try to explain,Màá gbìyànjú láti ṣàlàyé
772,Pardon my medical terms,Ẹ gbà mí láyè láti lo ìpèdè ìṣègùn
773,ADHD is a neuro developmental order,ADHD jẹ́ àìsàn àìpé ọpọlọ
774,It does not in anyway affect or influence intelligence,Kò ní nǹkankan ṣe pẹ̀lú ọgbọ́n orí
775,It does however affect a person's ability to regulate attentions and emotions,Ṣùgbọ́n ó máa ń kó bá ìmọ̀lára èèyàn àti bí èèyàn ṣe máa ń ṣètò àkíyèsí
776,But we will give you a detailed evaluation,Ṣùgbọ́n a  máa fún yín ní àyẹ̀wò ẹ̀kúnrẹ́rẹ́
777,Then a review of your medical history,Lẹ́yìn náà a máa ṣe àgbéyẹ̀wò ìlera yín láti ìgbà pípẹ́
778,"Then possibly, tests to measure your attention, distractability and memory "," A máa ṣe ìdánwò láti wọn ipele ìfọkànsí, ìmọ́kànkúrò yín àti bí ẹ ṣe ń rántí nǹkan sí"
779,Once we are able to do this,Tí a bá ti lè ṣe èyí
780,We’ll know how to tackle him and where to start from,A máa mọ bí a ṣe fẹ́ dojúkọ ọ́ àti ibi tí a ti máa bẹ̀rẹ̀
781,Are you worried,Ṣé ọkàn yín kò balẹ̀ ni?
782,"No, it is because you said something like I’m insane ","Rárá, nítorí pé ẹ sọ nǹkan tí ó jọ wí pé mo ti yí lórí"
783,I feel okay,Nǹkankan ò dẹ̀ ṣe mí
784,"No it is just a medical condition, you’ll be fine ","Rárá, ipò àìlera kan ni, àlàáfíà máa tó ẹ"
785,Don't say that,Má sọ bẹ́ẹ̀ mọ̀
786,I’m not talking about insanity here,Mi ò sọ̀rọ̀ nípa ìyílórí níbí
787,"Like I said, it  does not in anyway affect you "," Bí mo ṣe ń sọ lọ, kò gba ibì kankan dà yín láàmú"
788,From what I heard you are a writer and author. That means you are okay,"Gẹ́gẹ́ bí mo ṣe gbọ́, Òǹkọ̀wé ni yín. Ìyẹn túmọ̀ sí pé àlàáfíà lẹ wà"
789,The only thing associated with it is that...,Àwọn nǹkan tó kàn so mọ ni wí pé
790,"If people see things as bad, you might not see it the way they see it "," Tí àwọn èèyàn bá rí nǹkan bí i pé kò dára, Ẹ̀yin lè má rí i bí àwọn èèyàn ṣe máa rí i"
791,"Thank God you have her, we'll be able to work some things out ","Olúwa ṣeun, ẹ ní òun, a máa lè ṣe àwọn ohun kan"
792,You hear?,Ṣé ẹ ti gbọ́?
793,How are you,Báwo ni
794,I'm fine,Mo wà dáadáa
795,What about junior?,Junior ńkọ́?
796,Junior is asleep.,Junior ń sùn
797,I had time for myself after he slept,Ìgbà tó sùn náà ni mo ráyè tèmi
798,I just noticed I didn't hear his cry,Mo ṣáà rí i pé mi ò gbọ́ ariwo ẹ̀
799,I hope he did not disturb you?,Ṣé kò ṣáà disturb yín ṣá?
800,He is gentle lately,Ó tiẹ̀ ṣe jẹ́jẹ́ lẹ́nu ọjọ́ mẹ́ta yìí
801,Femi have you seen this?,Fẹ́mi ṣé o ti rí èyí?
802,What's that?,Kí nìyẹn?
803,"Oh, I have seen it "," Oh, mo ti ri"
804,It's all over the news he has been convicted,"Ìròyìn ti gbé e, wọ́n ti dájọ́ fún un"
805,"Yes, but this is the man your ex wife was sleeping with right? "," Bẹ́ẹ̀ ni, ṣé ọkùnrin tí ìyàwó ẹ̀ tẹ́lẹ̀ rí ń bá sùn rè é?"
806,Sad right?,Ó dùn èèyàn àbí?.
807,"No, he is my ex husband, the one I told you about","Rárá, Ọkọ mi tẹ́lẹ̀ rí ni, èyí tí mo sọ fún ẹ nípa ẹ̀"
808,That one that was cheating despite the fact that he was broke?,Èyí tí ó ń ṣe ìranu pẹ̀lú bí kò ṣe sówó lọ́wọ́ ẹ̀?
809,And you were the one feeding him,Tí ó jẹ́ pé ìwọ ni ò ń bọ́ ọ
810,You remember vividly,O rántí dáadáa
811,I remember it well,Mo rántí dáadáa
812,That guy was not broke. He's rich,"Owó ò sá fẹ́rẹ́ lọ́wọ́ ọkùnrin yẹn, ó ní owó lọ́wọ́"
813,"Yes, I remember you said he bought her that car ","Bẹ́ẹ̀ ni, mo rántí pé o ní òun ló ra ọkọ̀ yẹn fún un"
814,Thank God I have you now,Olúwa ṣeun pé mo ní ìwọ nísìnyí
815,"I have told you, let's take this very slow ","Mo ti sọ fún ẹ, jẹ́ ká fi sùúrù ṣe èyí"
816,Very slow? Something like this?,Ká fi sùúrù ṣe é? Báyìí àbí?
